product_url,product_name,brand_name,rating,number_of_ratings,product_description,release_date,top_notes,middle_notes,base_notes,main_accords,perfumer,product_images,gender,longevity,sillage,scraped_at,source
https://www.fragrantica.com/perfume/Byredo/1996-Inez-Vinoodh-19247.html,1996 Inez & Vinoodh Byredofor women and men,Byredo,3.88,2661,"1996 Inez & VinoodhbyByredois a Oriental Woody fragrance for women and men.1996 Inez & Vinoodhwas launched in 2013. Top notes are Juniper Berries and Black Pepper; middle notes are Leather, Orris and Violet; base notes are Patchouli, Black Amber and Vanilla.1996 was inspired by Kirsten 1996, a picture of a young girl taken by iconic photographers Inez & Vinoodh in that year. To them, ""This picture represents the duality that underlies our work and our life together and the scent is very much Ben's impeccable and sensitive interpretation of that"", a warm blend of black pepper, leather and patchouli.",2013,"Juniper Berries, Black Pepper","Leather, Orris, Violet","Patchouli, Black Amber, Vanilla","leather, aromatic, fresh spicy, woody",N/A,https://fimgs.net/mdimg/perfume-thumbs/375x500.19247.jpg,for women and men,N/A,N/A,2026-06-06 23:39:47,Fragrantica
https://www.fragrantica.com/perfume/Byredo/Accord-Oud-10757.html,Accord Oud Byredofor women and men,Byredo,4.06,1513,"Accord OudbyByredois a Oriental Spicy fragrance for women and men.Accord Oudwas launched in 2010. Top notes are Blackberry, Rum and Saffron; middle notes are Leather, Agarwood (Oud) and Clary Sage; base notes are Patchouli and Musk.Oud possesses a great cultural significance because of its use in traditional incense and perfumes, and it is also mentioned in one of the world's oldest written texts - the Sanskrit Vedas from India. When the once light Aquilaria tree heartwood becomes infected with a specific type of mold, it defends itself with a dark and fragrant protective resin. This now dark wood, oud or agarwood, holds a complex fragrance, resembling few or no other natural ingredients.Accord Oud composition blends agar with fresh leather accord, blonde woods, spices (saffron, cinnamon) and black plum. It is composed of blackberries, saffron and rum top notes, with the heart of leather and clary sage and the base of patchouli and powdery musk.Its is available as Eau de Parfum in 50 ml and 100 ml bottles.",2010,"Blackberry, Rum, Saffron","Leather, Agarwood (Oud), Clary Sage","Patchouli, Musk","leather, fruity, oud, warm spicy",N/A,https://fimgs.net/mdimg/perfume-thumbs/375x500.10757.jpg,for women and men,N/A,N/A,2026-06-06 23:39:58,Fragrantica
https://www.fragrantica.com/perfume/Byredo/Alto-Astral-111517.html,Alto Astral Byredofor women and men,Byredo,3.73,1196,"Alto AstralbyByredois a Floral Aldehyde fragrance for women and men. This is a new fragrance.Alto Astralwas launched in 2025. The nose behind this fragrance is Jérôme Epinette. Top notes are Coconut Water and Aldehydes; middle notes are Musk, Incense and Jasmine; base notes are Sandalwood, Cashmeran and Amber.WithAlto Astral, Byredo unveils a luminous new chapter in its olfactory narrative—a fragrance that pays vibrant homage to the emotional topography of Brazil. Taking its name from a Brazilian Portuguese phrase evoking elevated mood and spiritual brightness,Alto Astraldistills the soul of optimism, rhythm, and cultural vitality into scent.Radiating with the color, energy, and warmth of Brazil,Alto Astralis inspired by the country’s everyday poetry: samba at sundown, the salty rush of ocean winds, motorcyclists weaving through Rio’s streets with effortless flair. This fragrance is more than a composition—it’s a shared emotional resonance. A sensory portrait of collective exuberance that persists, pulses, and uplifts.FROM RIO: JOY AS A STATE OF BEINGThe campaign, lensed by Rio-born photographer Rafael Moura, unfolds in three intimate visual acts—dance, beach, and street—each an ode to the raw beauty of life in Rio de Janeiro. Raised in the favelas, Moura brings a lens shaped by authenticity and personal narrative. Through his eye, fleeting moments become enduring stories: samba artist Duda Almeida, model Emilly Nunes, and a local riding crew are not posed subjects but vessels of spontaneous truth. Their presence embodiesalto astralnot as aesthetic, but as essence.The moving image campaign, directed by Brazilian filmmaker Breno Moreira, deepens the sensory experience with cinematic fluidity. Shot entirely on location in Rio, it transforms joy into identity—an unfiltered celebration of resilience, rhythm, and radiant presence.THE OLFACTORY COMPOSITIONCrafted by longtime Byredo collaborator Jérome Epinette,Alto Astralopens with a vibrant interplay of aldehydes and creamy coconut—an effervescent yet soft introduction that captivates immediately. At its heart, jasmine petals entwine with airy incense and milky musk, forming an abstract warmth that seems to hover just above the skin. The base unveils a sensual trail of sandalwood, cashmere wood, and salted amber, offering texture, depth, and lingering luminosity.Balancing clarity with comfort, freshness with familiarity,Alto Astralis a fragrance of emotional light—an olfactive expression of upliftment and ease.Presented in Byredo’s signature flacon—minimalist, sculptural, and weighty—the design remains a quiet frame for the story within. A simple white label marksAlto Astral, allowing the fragrance itself to speak: pure, resonant, and unmistakably alive.",2025,"Coconut Water, Aldehydes","Musk, Incense, Jasmine","Sandalwood, Cashmeran, Amber","musky, woody, powdery, aldehydic",Jérôme Epinette,https://fimgs.net/mdimg/perfume-thumbs/375x500.111517.jpg,for women and men,N/A,N/A,2026-06-06 23:40:07,Fragrantica
https://www.fragrantica.com/perfume/Byredo/Animalique-85157.html,Animalique Byredofor women and men,Byredo,4.05,1876,"AnimaliquebyByredois a Oriental Floral fragrance for women and men.Animaliquewas launched in 2023. Top notes are Bergamot and Lemon; middle notes are Violet and Mimosa; base notes are Suede, Tobacco Leaf and Amber.According to the brand, Animalique taps into the primal instincts and authentic essence inherent in every human being. The concept suggests that beneath our intricate layers lies a spiritual animal.The composition opens with fresh top notes of lemon and bergamot giving way to a warm, floral heart of mimosa and violet before the base of suede, amber, and tobacco leaf.Available as 50ml and 100ml Eau de Parfum.",2023,"Bergamot, Lemon","Violet, Mimosa","Suede, Tobacco Leaf, Amber","powdery, leather, violet, musky",N/A,https://fimgs.net/mdimg/perfume-thumbs/375x500.85157.jpg,for women and men,N/A,N/A,2026-06-06 23:40:19,Fragrantica
https://www.fragrantica.com/perfume/Byredo/Bal-d-Afrique-6458.html,Bal d'Afrique Byredofor women and men,Byredo,4.14,17673,"Bal d'AfriquebyByredois a Floral fragrance for women and men.Bal d'Afriquewas launched in 2009. The nose behind this fragrance is Jérôme Epinette. Top notes are Bergamot, African Marigold and Buchu or Agathosma; middle notes are Violet and Cyclamen; base notes are Vetiver and Cedar.Stockholm-based niche line Byredo introduced a new fragrance named Bal d’Afrique, which is ""inspired by Paris in the late 1920's and its infatuation with African culture, art, music, and dance.This mix of Parisian avant-garde and African culture shaped a unique and vibrant expression. The intense life, the excess and euphoria is illustrated by Bal d'Afrique's neroli, African marigold, and Moroccan cedarwood.""Top notes include: bergamot, lemon, neroli, African marigold, Bucchu. Middle notes include: violet, jasmine, and cyclamen. The base is composed of black amber, musk, vetiver, and Moroccan cedarwood.The fragrance is available in 100 ml Eau de Parfum.",2009,"Bergamot, African Marigold, Buchu or Agathosma","Violet, Cyclamen","Vetiver, Cedar","woody, aromatic, earthy, violet",Jérôme Epinette,https://fimgs.net/mdimg/perfume-thumbs/375x500.6458.jpg,for women and men,N/A,N/A,2026-06-06 23:40:28,Fragrantica
https://www.fragrantica.com/perfume/Byredo/Baudelaire-7458.html,Baudelaire Byredofor men,Byredo,4.03,740,"BaudelairebyByredois a Leather fragrance for men.Baudelairewas launched in 2009. Top notes are Juniper Berries, Pepper and Caraway; middle notes are Leather, Incense and Hyacinth; base notes are Patchouli, Papyrus and Amber.Baudelaire by Byredo is a leather fragrance for men. Baudelaire was introduced in 2009. Top notes are caraway, juniper berries and pepper; middle notes are built around hyacinth, incense and leather, while base notes are patchouli, amber and papyrus. Available as 100 ml EDP.",2009,"Juniper Berries, Pepper, Caraway","Leather, Incense, Hyacinth","Patchouli, Papyrus, Amber","fresh spicy, woody, amber, aromatic",N/A,https://fimgs.net/mdimg/perfume-thumbs/375x500.7458.jpg,for men,N/A,N/A,2026-06-06 23:40:37,Fragrantica
https://www.fragrantica.com/perfume/Byredo/Belle-de-Tanger-40622.html,Belle de Tanger Byredofor women and men,Byredo,3.89,56,Belle de TangerbyByredois a Floral Woody Musk fragrance for women and men.Belle de Tangerwas launched in 2016. Top note is Bitter Orange; middle notes are Orris and Violet; base note is Cashmere Wood.,2016,Bitter Orange,"Orris, Violet",Cashmere Wood,"citrus, powdery, woody, iris",N/A,https://fimgs.net/mdimg/perfume-thumbs/375x500.40622.jpg,for women and men,N/A,N/A,2026-06-06 23:40:45,Fragrantica
https://www.fragrantica.com/perfume/Byredo/Bibliotheque-43324.html,Bibliothèque Byredofor women and men,Byredo,3.72,5377,"BibliothèquebyByredois a Floral Woody Musk fragrance for women and men.Bibliothèquewas launched in 2017. Top notes are Plum and Peach; middle notes are Violet and Peony; base notes are Leather, Patchouli, Vanilla and Musk.",2017,"Plum, Peach","Violet, Peony","Leather, Patchouli, Vanilla, Musk","fruity, leather, powdery, sweet",N/A,https://fimgs.net/mdimg/perfume-thumbs/375x500.43324.jpg,for women and men,N/A,N/A,2026-06-06 23:40:57,Fragrantica
https://www.fragrantica.com/perfume/Byredo/Black-Saffron-16220.html,Black Saffron Byredofor women and men,Byredo,3.92,4371,"Black SaffronbyByredois a Oriental Spicy fragrance for women and men.Black Saffronwas launched in 2012. Top notes are Saffron, Juniper Berries and Chinese Grapefruit; middle notes are Leather and Black Violet; base notes are Raspberry, Cashmeran and Vetiver.",2012,"Saffron, Juniper Berries, Chinese Grapefruit","Leather, Black Violet","Raspberry, Cashmeran, Vetiver","leather, fruity, woody, aromatic",N/A,https://fimgs.net/mdimg/perfume-thumbs/375x500.16220.jpg,for women and men,N/A,N/A,2026-06-06 23:41:07,Fragrantica
https://www.fragrantica.com/perfume/Byredo/Blanche-6686.html,Blanche Byredofor women,Byredo,3.7,9121,"BlanchebyByredois a Floral Aldehyde fragrance for women.Blanchewas launched in 2009. Top notes are Aldehydes, Rose and Pink Pepper; middle notes are Peony, Violet and African Orange Flower; base notes are Musk, Woodsy Notes and Sandalwood.Blanche is a fragrance by Byredo introduced in 2009. Just like its name suggests, the perfume is dedicated to white colour. It is airy and simple in its structure, but captures thoughts about a certain person who inspired the creator with its innocence.The perfume opens with white roses, pink pepper and aldehydes. A heart includes violet, neroli and peony. A base is enriched with blond wood, sandalwood and musk. The perfume is available as EDP 100ml.",2009,"Aldehydes, Rose, Pink Pepper","Peony, Violet, African Orange Flower","Musk, Woodsy Notes, Sandalwood","fresh, aldehydic, musky, powdery",N/A,https://fimgs.net/mdimg/perfume-thumbs/375x500.6686.jpg,for women,N/A,N/A,2026-06-06 23:41:17,Fragrantica
https://www.fragrantica.com/perfume/Byredo/Bullion-15923.html,Bullion Byredofor women and men,Byredo,3.81,536,"BullionbyByredois a Woody Spicy fragrance for women and men.Bullionwas launched in 2012. Top notes are Plum and Pink Pepper; middle notes are Leather, Osmanthus and Magnolia; base notes are dark woodsy notes, Musk and Sandalwood.",2012,"Plum, Pink Pepper","Leather, Osmanthus, Magnolia","dark woodsy notes, Musk, Sandalwood","fruity, woody, leather, floral",N/A,https://fimgs.net/mdimg/perfume-thumbs/375x500.15923.jpg,for women and men,N/A,N/A,2026-06-06 23:41:24,Fragrantica
https://www.fragrantica.com/perfume/Byredo/Byredo-40351.html,Byredo Byredofor women and men,Byredo,3.93,799,ByredobyByredois a fragrance for women and men.Byredowas launched in 2016. The nose behind this fragrance is Jérôme Epinette. Top notes are Gin and Pink Pepper; middle notes are Violet and Orris Root; base notes are Balsam Fir and Oakmoss.,2016,"Gin, Pink Pepper","Violet, Orris Root","Balsam Fir, Oakmoss","woody, powdery, violet, aromatic",Jérôme Epinette,https://fimgs.net/mdimg/perfume-thumbs/375x500.40351.jpg,for women and men,N/A,N/A,2026-06-06 23:41:31,Fragrantica
https://www.fragrantica.com/perfume/Byredo/Chembur-3573.html,Chembur Byredofor women and men,Byredo,3.76,398,"ChemburbyByredois a Oriental Spicy fragrance for women and men.Chemburwas launched in 2008. The fragrance features Incense, Ginger, Amalfi Lemon, Elemi resin, Nutmeg, Bergamot, French labdanum, Amber and Musk.",2008,N/A,N/A,N/A,"amber, fresh spicy, citrus, balsamic",N/A,https://fimgs.net/mdimg/perfume-thumbs/375x500.3573.jpg,for women and men,N/A,N/A,2026-06-06 23:41:38,Fragrantica
https://www.fragrantica.com/perfume/Byredo/Cuir-Obscur-40276.html,Cuir Obscur Byredofor women and men,Byredo,4.16,103,"Cuir ObscurbyByredois a Leather fragrance for women and men.Cuir Obscurwas launched in 2016. Top notes are Amaretto and Nutmeg; middle notes are Rose and Ylang-Ylang; base notes are Leather, Patchouli and Musk.",2016,"Amaretto, Nutmeg","Rose, Ylang-Ylang","Leather, Patchouli, Musk","leather, rose, almond, animalic",N/A,https://fimgs.net/mdimg/perfume-thumbs/375x500.40276.jpg,for women and men,N/A,N/A,2026-06-06 23:41:47,Fragrantica
https://www.fragrantica.com/perfume/Byredo/De-Los-Santos-72693.html,De Los Santos Byredofor women and men,Byredo,3.84,1722,"De Los SantosbyByredois a Floral fragrance for women and men.De Los Santoswas launched in 2022. Top notes are Sage and Mirabelle; middle notes are Orris Root and Cistus Incanus; base notes are Olibanum, Musk and Ambroxan.",2022,"Sage, Mirabelle","Orris Root, Cistus Incanus","Olibanum, Musk, Ambroxan","amber, musky, aromatic, herbal",N/A,https://fimgs.net/mdimg/perfume-thumbs/375x500.72693.jpg,for women and men,N/A,N/A,2026-06-06 23:41:56,Fragrantica
https://www.fragrantica.com/perfume/Byredo/Deep-Viola-61748.html,Deep Viola Byredofor women and men,Byredo,3.78,68,"Deep ViolabyByredois a Oriental Floral fragrance for women and men.Deep Violawas launched in 2020. Top notes are Angelica, Saffron and Bergamot; middle notes are Leather, Violet and Iris; base notes are Olibanum, Agarwood (Oud) and Vanilla.",2020,"Angelica, Saffron, Bergamot","Leather, Violet, Iris","Olibanum, Agarwood (Oud), Vanilla","powdery, amber, leather, musky",N/A,https://fimgs.net/mdimg/perfume-thumbs/375x500.61748.jpg,for women and men,N/A,N/A,2026-06-06 23:42:05,Fragrantica
https://www.fragrantica.com/perfume/Byredo/Desert-Dawn-96188.html,Desert Dawn Byredofor women and men,Byredo,3.7,762,"Desert DawnbyByredois a Woody Spicy fragrance for women and men. This is a new fragrance.Desert Dawnwas launched in 2024. The nose behind this fragrance is Jérôme Epinette. Top notes are Rose Petals and Cardamom; middle notes are Sandalwood, Cedarwood and Carrot Seeds; base notes are Musk, Papyrus, Vetiver and Silk.Desert Dawn by Byredo is a celebration of nature’s creative juxtapositions, offering a universal take on the woody olfactive family. This scent opens with the inviting sweet spices of cardamom and rose petals, before giving way to the enveloping warmth of sandalwood, cedarwood, and carrot seeds at the heart. An enticing finish of vetiver and silk musk is enlivened by the crisp, clean scent of papyrus, invoking the dry heat of the desert and the warmness of the first rays of dawn.Byredo Desert Dawnis available in 50 ml and 100 ml Eau de Parfum.",2024,"Rose Petals, Cardamom","Sandalwood, Cedarwood, Carrot Seeds","Musk, Papyrus, Vetiver, Silk","woody, powdery, musky, warm spicy",Jérôme Epinette,https://fimgs.net/mdimg/perfume-thumbs/375x500.96188.jpg,for women and men,N/A,N/A,2026-06-06 23:42:14,Fragrantica
https://www.fragrantica.com/perfume/Byredo/Elevator-Music-48821.html,Elevator Music Byredofor women and men,Byredo,3.72,152,"Elevator MusicbyByredois a Floral Woody Musk fragrance for women and men.Elevator Musicwas launched in 2018. The nose behind this fragrance is Ben Gorham. The fragrance features Amyris, Musk, Iso E Super, Violet, Ambrette (Musk Mallow), Hedione, Green Notes, Jasmine, Cedar, Guaiac Wood and Amber.The Off-White fashion brand, fronted by Virgil Abloh, co-operates with Swedish Byredo, with Ben Gorham as the perfumer  to create the new fragrance Elevator Music.",2018,N/A,N/A,N/A,"woody, musky, floral, powdery",Ben Gorham,https://fimgs.net/mdimg/perfume-thumbs/375x500.48821.jpg,for women and men,N/A,N/A,2026-06-06 23:42:23,Fragrantica
https://www.fragrantica.com/perfume/Byredo/Eleventh-Hour-50934.html,Eleventh Hour Byredofor women and men,Byredo,3.86,1945,"Eleventh HourbyByredois a Woody Aromatic fragrance for women and men.Eleventh Hourwas launched in 2018. The nose behind this fragrance is Jérôme Epinette. Top notes are Bergamot and Timur; middle notes are Plum, Rum, Fig and Carrot Seeds; base notes are Cedar, Cashmere Wood, Iso E Super, Tonka Bean, Olibanum and Labdanum.""A paradoxical composition around Ban Timmurpepper from Nepal and fig, the initial forbidden fruit. A melancholic yet optimistic fragrance where hope, beauty and humanity could change the course of the world.""⠀Top notes: bergamot, Sichuan pepperHeart: wild fig, carrot seeds, rumBase: cashmere wood, tonka beanByredo Eleventh Hour is available as a 50 and 100 ml Eau de Parfum.",2018,"Bergamot, Timur","Plum, Rum, Fig, Carrot Seeds","Cedar, Cashmere Wood, Iso E Super, Tonka Bean, Olibanum, Labdanum","woody, fruity, amber, sweet",Jérôme Epinette,https://fimgs.net/mdimg/perfume-thumbs/375x500.50934.jpg,for women and men,N/A,N/A,2026-06-06 23:42:33,Fragrantica
https://www.fragrantica.com/perfume/Byredo/Eyes-Closed-76339.html,Eyes Closed Byredofor women and men,Byredo,3.71,1578,"Eyes ClosedbyByredois a Floral Woody Musk fragrance for women and men.Eyes Closedwas launched in 2022. Top notes are Cinnamon and Cardamom; middle notes are Orris, Carrot and Ginger; base notes are Papyrus and Patchouli.",2022,"Cinnamon, Cardamom","Orris, Carrot, Ginger","Papyrus, Patchouli","warm spicy, powdery, cinnamon, iris",N/A,https://fimgs.net/mdimg/perfume-thumbs/375x500.76339.jpg,for women and men,N/A,N/A,2026-06-06 23:42:43,Fragrantica
https://www.fragrantica.com/perfume/Byredo/Fantastic-Man-6688.html,Fantastic Man Byredofor men,Byredo,3.95,63,"Fantastic ManbyByredois a Aromatic Fougere fragrance for men. Top notes are Star Anise, Bergamot and Cardamom; middle notes are Lavender, Incense and Geranium; base notes are Vetiver, Oakmoss and Patchouli.Founder of Byredo Parfums, BEN GORHAM, created this fragrance in close cooperation with editors of Fantastic Man Magazine.The perfume is composed of the ingredients traditional for classic cologne, blended in unusual way.Top notes incorporate bergamot, cardamom and star anise. A heart is enriched with incense, geranium and lavender. Base notes feature vetiver, moss and patchouli. The perfume is available as Eau de Cologne 100ml.",N/A,"Star Anise, Bergamot, Cardamom","Lavender, Incense, Geranium","Vetiver, Oakmoss, Patchouli","aromatic, warm spicy, anis, fresh spicy",N/A,https://fimgs.net/mdimg/perfume-thumbs/375x500.6688.jpg,for men,N/A,N/A,2026-06-06 23:42:51,Fragrantica
https://www.fragrantica.com/perfume/Byredo/Flowerhead-23881.html,Flowerhead Byredofor women and men,Byredo,3.51,1410,"FlowerheadbyByredois a Floral fragrance for women and men.Flowerheadwas launched in 2014. Top notes are Angelica, Cranberry and Lemon; middle notes are Tuberose, Jasmine Sambac, Green Notes and Rose Petals; base notes are Suede and Ambergris.",2014,"Angelica, Cranberry, Lemon","Tuberose, Jasmine Sambac, Green Notes, Rose Petals","Suede, Ambergris","white floral, green, tuberose, musky",N/A,https://fimgs.net/mdimg/perfume-thumbs/375x500.23881.jpg,for women and men,N/A,N/A,2026-06-06 23:43:01,Fragrantica
https://www.fragrantica.com/perfume/Byredo/Green-3574.html,Green Byredofor women and men,Byredo,3.96,301,"GreenbyByredois a Floral Green fragrance for women and men.Greenwas launched in 2008. Top notes are Petitgrain and Sage; middle notes are Honeysuckle, Violet, Jasmine and Rose; base notes are Almond, Musk and Tonka Bean.",2008,"Petitgrain, Sage","Honeysuckle, Violet, Jasmine, Rose","Almond, Musk, Tonka Bean","white floral, aromatic, herbal, fruity",N/A,https://fimgs.net/mdimg/perfume-thumbs/375x500.3574.jpg,for women and men,N/A,N/A,2026-06-06 23:43:10,Fragrantica
https://www.fragrantica.com/perfume/Byredo/Gypsy-Water-3575.html,Gypsy Water Byredofor women and men,Byredo,3.98,10802,"Gypsy WaterbyByredois a Woody Aromatic fragrance for women and men.Gypsy Waterwas launched in 2008. Top notes are Juniper, Lemon, Bergamot and Pepper; middle notes are Pine needles, Incense and Orris Root; base notes are Vanilla, Sandalwood and Amber.",2008,"Juniper, Lemon, Bergamot, Pepper","Pine needles, Incense, Orris Root","Vanilla, Sandalwood, Amber","woody, aromatic, fresh spicy, citrus",N/A,https://fimgs.net/mdimg/perfume-thumbs/375x500.3575.jpg,for women and men,N/A,N/A,2026-06-06 23:43:20,Fragrantica
https://www.fragrantica.com/perfume/Byredo/Heliotropia-40277.html,Heliotropia Byredofor women and men,Byredo,3.86,76,"HeliotropiabyByredois a Floral Woody Musk fragrance for women and men.Heliotropiawas launched in 2016. The fragrance features Heliotrope, Jasmine Sambac, Incense, Woody Notes and Gardenia.",2016,N/A,N/A,N/A,"white floral, powdery, amber, woody",N/A,https://fimgs.net/mdimg/perfume-thumbs/375x500.40277.jpg,for women and men,N/A,N/A,2026-06-06 23:43:29,Fragrantica
https://www.fragrantica.com/perfume/Byredo/Inflorescence-17798.html,Inflorescence Byredofor women,Byredo,3.86,2210,"InflorescencebyByredois a Floral fragrance for women.Inflorescencewas launched in 2013. Top notes are Pink Freesia and Rose; middle notes are Lily-of-the-Valley and Magnolia; base note is Jasmine.In order to celebrate the awakening of nature and the beginning of Spring 2013, founder and creative director of the niche house of Byredo,Ben Gorham, will present the new fragrance named INFLORESCENCE. The focus of the new floral fragrance is on a wild garden transferring the strength and beauty of flowers and the perfect moment when they reach their dramatic peak of blooming.The new creation has resulted in combining carefully selected notes which are to offer and intertwine intoxicating, honey and fresh floral aromas, without deserting the Spring theme in any moment. The composition opens with rich and intoxicating rose petals scent combined with honey pink freesia. The heart adds a cool spring wave of citrusy-green lily of the valley and creamy magnolia, intertwining their scents to the very base dominated by luxurious jasmine with its sweet freshness. 
The fragrance Inflorescence is available in the characteristic flacon as 100 ml Eau de Parfum.",2013,"Pink Freesia, Rose","Lily-of-the-Valley, Magnolia",Jasmine,"white floral, floral, fresh, green",N/A,https://fimgs.net/mdimg/perfume-thumbs/375x500.17798.jpg,for women,N/A,N/A,2026-06-06 23:43:36,Fragrantica
https://www.fragrantica.com/perfume/Byredo/La-Tulipe-8441.html,La Tulipe Byredofor women,Byredo,4.07,6411,"La TulipebyByredois a Floral fragrance for women.La Tulipewas launched in 2010. La Tulipe was created by Jérôme Epinette and Ben Gorham. Top notes are Freesia, Cyclamen and Rhuburb; middle note is pink tulip; base notes are Green Notes, Vetyver and Woodsy Notes.La Tulipe was presented in 2010 as a fresh and clean floral fragrance with top notes of rhubarb, cyclamen and freesia. A heart incorporates floral notes of tulip, while a base finishes with greenery, blond wood and vetiver. The fragrance can be purchased as 100ml edp.La Tulipe is built around the idea of the tulip - a flower reminiscent of morning moist gardens and by being one of the season's first flowers to open its bud; the tulip has become a symbol for the rebirth of spring.""I have always loved tulips and decided to create a fragrance that spoke of the whole idea of the flower.  To do this I wanted to capture its shy characteristic - and combine that with the expressive physicality it bears.""  – Ben Gorham",2010,"Freesia, Cyclamen, Rhuburb",pink tulip,"Green Notes, Vetyver, Woodsy Notes","floral, green, soft spicy, fruity",N/A,https://fimgs.net/mdimg/perfume-thumbs/375x500.8441.jpg,for women,N/A,N/A,2026-06-06 23:43:43,Fragrantica
https://www.fragrantica.com/perfume/Byredo/Lil-Fleur-60487.html,Lil Fleur Byredofor women and men,Byredo,3.51,881,"Lil FleurbyByredois a Oriental Floral fragrance for women and men.Lil Fleurwas launched in 2020. Top notes are Saffron, Cassis and Tangerine; middle notes are Damask Rose and Leather; base notes are Ambergris, Woody Notes and Vanilla.Byredo Lil Fleur launches in June 2020. The inspiration for the new Byredo creation lies in the youthful emotions, ups and downs of the teenage years; their intensity, boldness and openness.Lil Fleur explores the floral components and the note of Damasc rose as dominant and presents it in a new, modern and complex light.Top notes: cassis, tangerine, saffronHeart: Damask rose (oil), leatherBase: light woods, ambergris, vanillaByredo Lil Fleur is available as a 50 and a 100 ml Eau de Parfum.",2020,"Saffron, Cassis, Tangerine","Damask Rose, Leather","Ambergris, Woody Notes, Vanilla","rose, leather, animalic, citrus",N/A,https://fimgs.net/mdimg/perfume-thumbs/375x500.60487.jpg,for women and men,N/A,N/A,2026-06-06 23:43:50,Fragrantica
https://www.fragrantica.com/perfume/Byredo/M-Mink-10758.html,M/Mink Byredofor women and men,Byredo,3.46,996,"M/MinkbyByredois a fragrance for women and men.M/Minkwas launched in 2010. The fragrance features Aldehydes, Incense, Patchouli Leaf, Sea Notes, Honey, Amber and Floral Notes.",2010,N/A,N/A,N/A,"amber, aldehydic, patchouli, warm spicy",N/A,https://fimgs.net/mdimg/perfume-thumbs/375x500.10758.jpg,for women and men,N/A,N/A,2026-06-06 23:43:59,Fragrantica
https://www.fragrantica.com/perfume/Byredo/Mister-Marvelous-13002.html,Mister Marvelous Byredofor men,Byredo,3.45,366,Mister MarvelousbyByredois a Woody Aromatic fragrance for men.Mister Marvelouswas launched in 2011. Top notes are Petitgrain and Neroli; middle notes are Bamboo and Lavender; base notes are Virginia Cedar and Amber.,2011,"Petitgrain, Neroli","Bamboo, Lavender","Virginia Cedar, Amber","woody, citrus, aromatic, green",N/A,https://fimgs.net/mdimg/perfume-thumbs/375x500.13002.jpg,for men,N/A,N/A,2026-06-06 23:44:09,Fragrantica
https://www.fragrantica.com/perfume/Byredo/Mixed-Emotions-65525.html,Mixed Emotions Byredofor women and men,Byredo,3.77,3105,"Mixed EmotionsbyByredois a Woody Aromatic fragrance for women and men.Mixed Emotionswas launched in 2021. Top notes are Black Currant and Mate; middle notes are Tea and Violet Leaf; base notes are Birch and Papyrus.""We're in the business of bottling up emotions. I hope that people read the label and identify with that sentiment in its simplest form, and then find something deeper to relate to: the juxtaposition between the familiar and the unfamiliar.""- Ben Gorham, founder and creative director of Byredo.Drawing on Byredo’s philosophy of translating fragmented memories and abstract ideas into scents, the new edition Mixed Emotions represents an olfactory sketch of our current, collective state of mind.Comfortable notes of maté tea and the sharp sweetness of black currant lead to the heart of soothing Ceylon tea and the petite accord of violet leaves. The wood base provides “comfort” with notes of papyrus and birch.Mixed Emotions is available in 50 and 100 ml Eau de Parfum.",2021,"Black Currant, Mate","Tea, Violet Leaf","Birch, Papyrus","woody, green, fruity, leather",N/A,https://fimgs.net/mdimg/perfume-thumbs/375x500.65525.jpg,for women and men,N/A,N/A,2026-06-06 23:44:20,Fragrantica
https://www.fragrantica.com/perfume/Byredo/Mojave-Ghost-27040.html,Mojave Ghost Byredofor women and men,Byredo,3.97,9752,"Mojave GhostbyByredois a Oriental Floral fragrance for women and men.Mojave Ghostwas launched in 2014. Top notes are Sapodilla and Ambrette (Musk Mallow); middle notes are Magnolia, Violet and Sandalwood; base notes are Ambergris, Cedar and Musk.",2014,"Sapodilla, Ambrette (Musk Mallow)","Magnolia, Violet, Sandalwood","Ambergris, Cedar, Musk","floral, woody, powdery, violet",N/A,https://fimgs.net/mdimg/perfume-thumbs/375x500.27040.jpg,for women and men,N/A,N/A,2026-06-06 23:44:29,Fragrantica
https://www.fragrantica.com/perfume/Byredo/Mojave-Ghost-Alcohol-Free-97941.html,Mojave Ghost Alcohol-Free Byredofor women and men,Byredo,3.06,33,"Mojave Ghost Alcohol-FreebyByredois a fragrance for women and men.Mojave Ghost Alcohol-Freewas launched in 2024. Top notes are Sapodilla and Ambrette; middle notes are Violet, Sandalwood and Magnolia; base notes are Amber, Cedarwood and Musk.",2024,"Sapodilla, Ambrette","Violet, Sandalwood, Magnolia","Amber, Cedarwood, Musk","powdery, floral, woody, amber",N/A,https://fimgs.net/mdimg/perfume-thumbs/375x500.97941.jpg,for women and men,N/A,N/A,2026-06-06 23:44:38,Fragrantica
https://www.fragrantica.com/perfume/Byredo/Mumbai-Noise-69858.html,Mumbai Noise  Byredofor women and men,Byredo,3.4,1076,"Mumbai NoisebyByredois a Woody Spicy fragrance for women and men.Mumbai Noisewas launched in 2021. Top note is Davana; middle notes are Coffee and Tonka Bean; base notes are Agarwood (Oud), Sandalwood and Labdanum.",2021,Davana,"Coffee, Tonka Bean","Agarwood (Oud), Sandalwood, Labdanum","oud, woody, warm spicy, amber",N/A,https://fimgs.net/mdimg/perfume-thumbs/375x500.69858.jpg,for women and men,N/A,N/A,2026-06-06 23:44:46,Fragrantica
https://www.fragrantica.com/perfume/Byredo/Open-Sky-66825.html,Open Sky Byredofor women and men,Byredo,3.73,594,Open SkybyByredois a Woody Spicy fragrance for women and men.Open Skywas launched in 2021. Top notes are Pomelo and Black Pepper; middle note is cannabis; base notes are Vetiver and Palo Santo.,2021,"Pomelo, Black Pepper",cannabis,"Vetiver, Palo Santo","aromatic, citrus, cannabis, woody",N/A,https://fimgs.net/mdimg/perfume-thumbs/375x500.66825.jpg,for women and men,N/A,N/A,2026-06-06 23:44:55,Fragrantica
https://www.fragrantica.com/perfume/Byredo/Oud-Immortel-10759.html,Oud Immortel Byredofor women and men,Byredo,4.0,2308,"Oud ImmortelbyByredois a Woody Chypre fragrance for women and men.Oud Immortelwas launched in 2010. Top notes are Limoncello, Incense and Cardamom; middle notes are Agarwood (Oud), Patchouli, Papyrus and Brazilian Rosewood; base notes are oak moss and Tobacco.Oud possesses a great cultural significance because of its use in traditional incense and perfumes, and it is also mentioned in one of the world's oldest written texts - the Sanskrit Vedas from India. When the once light Aquilaria tree heartwood becomes infected with a specific type of mold, it defends itself with a dark and fragrant protective resin. This now dark wood, oud or agarwood, holds a complex fragrance, resembling few or no other natural ingredients.Oud Immortel is a chypre woody fragrance that merges patchouli and papyrus so the whole composition has a smoky character. Tobacco leaf and moss contribute to the depth and complexity of oud, while rosewood and incense cause the elegant silage on skin.Its is available as Eau de Parfum in 50 ml and 100 ml bottles.",2010,"Limoncello, Incense, Cardamom","Agarwood (Oud), Patchouli, Papyrus, Brazilian Rosewood","oak moss, Tobacco","woody, oud, warm spicy, citrus",N/A,https://fimgs.net/mdimg/perfume-thumbs/375x500.10759.jpg,for women and men,N/A,N/A,2026-06-06 23:45:04,Fragrantica
https://www.fragrantica.com/perfume/Byredo/Palermo-12488.html,Palermo Byredofor women,Byredo,3.73,553,"PalermobyByredois a Citrus fragrance for women.Palermowas launched in 2010. The nose behind this fragrance is Ben Gorham. Top notes are Citruses, Petitgrain and Bergamot; middle notes are Musk and Rose; base note is Ambrette (Musk Mallow).Palermo, from Byredo fragrance collection created by Ben Gorham, is launched in 2010. Palermo is a scent of Sicily and its orange and lemon trees. Top notes: bergamot and bigarde. Heart: fresh musk and rose. Base: skin musk and ambrette flower.It is available as 50 and 100 ml EDP.",2010,"Citruses, Petitgrain, Bergamot","Musk, Rose",Ambrette (Musk Mallow),"citrus, fresh spicy, aromatic, musky",Ben Gorham,https://fimgs.net/mdimg/perfume-thumbs/375x500.12488.jpg,for women,N/A,N/A,2026-06-06 23:45:14,Fragrantica
https://www.fragrantica.com/perfume/Byredo/Pulp-3576.html,Pulp Byredofor women and men,Byredo,3.76,4523,"PulpbyByredois a Floral Fruity fragrance for women and men.Pulpwas launched in 2008. Top notes are Black Currant, Bergamot and Cardamon; middle notes are Fig, Red Apple and Tiare Flower; base notes are Praline, Peach Blossom and Cedar.",2008,"Black Currant, Bergamot, Cardamon","Fig, Red Apple, Tiare Flower","Praline, Peach Blossom, Cedar","fruity, sweet, woody, floral",N/A,https://fimgs.net/mdimg/perfume-thumbs/375x500.3576.jpg,for women and men,N/A,N/A,2026-06-06 23:45:26,Fragrantica
https://www.fragrantica.com/perfume/Byredo/Rodeo-45540.html,Rodeo Byredofor women and men,Byredo,3.92,64,"RodeobyByredois a Leather fragrance for women and men.Rodeowas launched in 2016. The nose behind this fragrance is Ben Gorham. Top note is Leather; middle notes are Suede and Violet; base notes are Vetiver and Black Amber.""Rodeo the fragrance captures the scent of the rodeo itself. It’s the art and poetry of the rodeo, the violence, the fascination with and, the extremity of it. It’s the crackling sound of an old saddle, the singular focus of the bull rider. That moment when everything is calm, just before the rodeo starts."" - a note from the perfumer.Rodeo by Byredo is a Leather fragrance for women and men. This is a new fragrance. Rodeo was launched in 2016. The nose behind this fragrance is Ben Gorham. Top note is leather; middle notes are violet and suede; base notes are black amber and vetiver.",2016,Leather,"Suede, Violet","Vetiver, Black Amber","leather, powdery, violet, animalic",Ben Gorham,https://fimgs.net/mdimg/perfume-thumbs/375x500.45540.jpg,for women and men,N/A,N/A,2026-06-06 23:45:35,Fragrantica
https://www.fragrantica.com/perfume/Byredo/Rose-Noir-3577.html,Rose Noir Byredofor women and men,Byredo,3.85,1514,"Rose NoirbyByredois a Floral Woody Musk fragrance for women and men.Rose Noirwas launched in 2008. Top notes are Grapefruit, Freesia, Red Berries and Cardamom; middle notes are Damask Rose, Lily-of-the-Valley, Raspberry, Violet and Jasmine; base notes are Moss, Musk, Labdanum and Patchouli.",2008,"Grapefruit, Freesia, Red Berries, Cardamom","Damask Rose, Lily-of-the-Valley, Raspberry, Violet, Jasmine","Moss, Musk, Labdanum, Patchouli","rose, mossy, floral, earthy",N/A,https://fimgs.net/mdimg/perfume-thumbs/375x500.3577.jpg,for women and men,N/A,N/A,2026-06-06 23:45:46,Fragrantica
https://www.fragrantica.com/perfume/Byredo/Rose-Of-No-Man-s-Land-31931.html,Rose Of No Man's Land Byredofor women and men,Byredo,4.0,4717,Rose Of No Man's LandbyByredois a Oriental Spicy fragrance for women and men.Rose Of No Man's Landwas launched in 2015. Top notes are Turkey Red Rose and Pink Pepper; middle notes are Turkey Red Rose and Raspberry Bloom; base notes are Papyrus and Amber.,2015,"Turkey Red Rose, Pink Pepper","Turkey Red Rose, Raspberry Bloom","Papyrus, Amber","rose, floral, soft spicy, woody",N/A,https://fimgs.net/mdimg/perfume-thumbs/375x500.31931.jpg,for women and men,N/A,N/A,2026-06-06 23:45:56,Fragrantica
https://www.fragrantica.com/perfume/Byredo/Russell-Westbrook-31423.html,Russell Westbrook Byredofor women and men,Byredo,4.25,36,Russell WestbrookbyByredois a Woody Aromatic fragrance for women and men.Russell Westbrookwas launched in 2015. Top notes are Gin and Osmanthus; middle notes are Black Violet and Tobacco; base notes are Haitian Vetiver and Suede.,2015,"Gin, Osmanthus","Black Violet, Tobacco","Haitian Vetiver, Suede","aromatic, woody, floral, powdery",N/A,https://fimgs.net/mdimg/perfume-thumbs/375x500.31423.jpg,for women and men,N/A,N/A,2026-06-06 23:46:06,Fragrantica
https://www.fragrantica.com/perfume/Byredo/Seven-Veils-13307.html,Seven Veils Byredofor women and men,Byredo,3.94,1153,"Seven VeilsbyByredois a fragrance for women and men.Seven Veilswas launched in 2011. The fragrance features Vanille, Carrot, Pink Pepper, Sandalwood, Orchid, Wisteria and Rose.The story behind the scent is based on the biblical tale about Salome's dance, that is known as ""the dance of the Seven Veils"".The composition includes: carrot seed, pimento berries, Tahitian vanilla flower, laurier rose, glycine, tiger orchid, sandalwood and vanilla.",2011,N/A,N/A,N/A,"powdery, soft spicy, vanilla, floral",N/A,https://fimgs.net/mdimg/perfume-thumbs/375x500.13307.jpg,for women and men,N/A,N/A,2026-06-06 23:46:13,Fragrantica
https://www.fragrantica.com/perfume/Byredo/Sister-Dreamer-128860.html,Sister Dreamer Byredofor women and men,Byredo,3.5,18,"Sister DreamerbyByredois a Floral Woody Musk fragrance for women and men. This is a new fragrance.Sister Dreamerwas launched in 2026. Top notes are Pink Pepper, juniper berry and Frankincense; middle notes are Turkish Rose, Geranium and Freesia; base notes are Healingwood, Amberwood and Sandalwood.Sister Dreamer by Byredo is a limited-edition fragrance released in 2026 in collaboration with Los Angeles-based artist Lauren Halsey. The composition opens with juniper berry, pink pepper, and frankincense, moves into a floral heart of freesia, geranium, and Turkish rose, and settles into sandalwood, healingwood, and amberwood. The concept of the fragrance is tied to themes of place, collective memory, community, and imagined futures, with references to Los Angeles and cultural preservation.",2026,"Pink Pepper, juniper berry, Frankincense","Turkish Rose, Geranium, Freesia","Healingwood, Amberwood, Sandalwood","rose, fresh spicy, aromatic, woody",N/A,https://fimgs.net/mdimg/perfume-thumbs/375x500.128860.jpg,for women and men,N/A,N/A,2026-06-06 23:46:21,Fragrantica
https://www.fragrantica.com/perfume/Byredo/Slow-Dance-57007.html,Slow Dance Byredofor women and men,Byredo,3.83,1736,"Slow DancebyByredois a fragrance for women and men.Slow Dancewas launched in 2019. The nose behind this fragrance is Jérôme Epinette. Top notes are Opoponax and Cognac; middle notes are Labdanum, Violet and Geranium; base notes are Vanilla, Patchouli and Incense.""The slow dance: A rites-of-passage moment for both girls and boys before they metamorphose into women and men. A feeling of exhilaration tempered by awkwardness, a heady collision of innocence and experience, not knowing and knowing, felt across countries, cultures and time. Slow Dance mixes ideas of the feminine and masculine, bitter and sweet, in a rich, intoxicating distillation redolent of warm skin and breathless exchange. Here (high school) clichés mingle and become something more; at once familiar and iconoclastic, the ancient perfumer’s arsenal is made modern and anew."" - a note from the brand.",2019,"Opoponax, Cognac","Labdanum, Violet, Geranium","Vanilla, Patchouli, Incense","amber, woody, balsamic, warm spicy",Jérôme Epinette,https://fimgs.net/mdimg/perfume-thumbs/375x500.57007.jpg,for women and men,N/A,N/A,2026-06-06 23:46:29,Fragrantica
https://www.fragrantica.com/perfume/Byredo/Sunday-Cologne-13044.html,Sunday Cologne Byredofor women and men,Byredo,3.81,853,"Sunday ColognebyByredois a Woody Aromatic fragrance for women and men.Sunday Colognewas launched in 2011. Top notes are Bergamot, Star Anise and Cardamom; middle notes are Lavender, Geranium and Incense; base notes are Vetiver, oak moss and Patchouli.",2011,"Bergamot, Star Anise, Cardamom","Lavender, Geranium, Incense","Vetiver, oak moss, Patchouli","aromatic, fresh spicy, citrus, woody",N/A,https://fimgs.net/mdimg/perfume-thumbs/375x500.13044.jpg,for women and men,N/A,N/A,2026-06-06 23:46:38,Fragrantica
https://www.fragrantica.com/perfume/Byredo/Sundazed-54747.html,Sundazed Byredofor women and men,Byredo,3.76,2274,SundazedbyByredois a Citrus fragrance for women and men.Sundazedwas launched in 2019. The nose behind this fragrance is Jérôme Epinette. Top notes are Mandarin Orange and Californian Lemon; middle notes are Neroli and Jasmine Sambac; base notes are Cotton Candy and White Musk.,2019,"Mandarin Orange, Californian Lemon","Neroli, Jasmine Sambac","Cotton Candy, White Musk","citrus, sweet, white floral, caramel",Jérôme Epinette,https://fimgs.net/mdimg/perfume-thumbs/375x500.54747.jpg,for women and men,N/A,N/A,2026-06-06 23:46:49,Fragrantica
https://www.fragrantica.com/perfume/Byredo/Super-Cedar-35530.html,Super Cedar Byredofor women and men,Byredo,3.77,1997,Super CedarbyByredois a Woody Floral Musk fragrance for women and men.Super Cedarwas launched in 2016. Top note is Rose; middle note is Virginian Cedar; base notes are Haitian Vetiver and Musk.,2016,Rose,Virginian Cedar,"Haitian Vetiver, Musk","woody, aromatic, musky, powdery",N/A,https://fimgs.net/mdimg/perfume-thumbs/375x500.35530.jpg,for women and men,N/A,N/A,2026-06-06 23:46:58,Fragrantica
https://www.fragrantica.com/perfume/Byredo/Susanne-Kaufmann-x-Byredo-Bregenzerwald-Fragrance-Oil-89054.html,Susanne Kaufmann x Byredo Bregenzerwald Fragrance Oil Byredofor women and men,Byredo,3.5,16,Susanne Kaufmann x Byredo Bregenzerwald Fragrance OilbyByredois a Aromatic Green fragrance for women and men.Susanne Kaufmann x Byredo Bregenzerwald Fragrance Oilwas launched in 2023. Top notes are Juniper Berries and elemi; middle notes are Galbanum and Jasmine; base notes are Sugar and Fig.,2023,"Juniper Berries, elemi","Galbanum, Jasmine","Sugar, Fig",N/A,N/A,https://fimgs.net/mdimg/perfume-thumbs/375x500.89054.jpg,for women and men,N/A,N/A,2026-06-06 23:47:06,Fragrantica
https://www.fragrantica.com/perfume/Byredo/Velvet-Haze-46358.html,Velvet Haze Byredofor women and men,Byredo,3.71,1483,"Velvet HazebyByredois a Oriental Woody fragrance for women and men.Velvet Hazewas launched in 2017. The nose behind this fragrance is Jérôme Epinette. Top notes are Coconut, Hibiscus and Bergamot; middle notes are Patchouli, Tuberose and Osmanthus; base notes are Patchouli, Musk, Cacao Pod, Ambrette (Musk Mallow) and Cashmeran.",2017,"Coconut, Hibiscus, Bergamot","Patchouli, Tuberose, Osmanthus","Patchouli, Musk, Cacao Pod, Ambrette (Musk Mallow), Cashmeran","musky, patchouli, woody, floral",Jérôme Epinette,https://fimgs.net/mdimg/perfume-thumbs/375x500.46358.jpg,for women and men,N/A,N/A,2026-06-06 23:47:17,Fragrantica
https://www.fragrantica.com/perfume/Byredo/Young-Rose-69009.html,Young Rose Byredofor women and men,Byredo,3.97,1580,Young RosebyByredois a Floral Woody Musk fragrance for women and men.Young Rosewas launched in 2021. Top notes are Sichuan Pepper and Ambrette (Musk Mallow); middle notes are Damask Rose and Iris; base notes are Musk and Ambroxan.,2021,"Sichuan Pepper, Ambrette (Musk Mallow)","Damask Rose, Iris","Musk, Ambroxan","musky, rose, floral, amber",N/A,https://fimgs.net/mdimg/perfume-thumbs/375x500.69009.jpg,for women and men,N/A,N/A,2026-06-06 23:47:25,Fragrantica
https://www.fragrantica.com/perfume/Byredo/Alto-Astral-Body-Mist-135120.html,Alto Astral Body Mist Byredofor women and men,Byredo,3.0,1,"Alto Astral Body MistbyByredois a Floral Aldehyde fragrance for women and men. This is a new fragrance.Alto Astral Body Mistwas launched in 2026. Top notes are Coconut Water and Pink Pepper; middle notes are Saffron, Linen and Wild Orchid; base notes are Sandalwood, Salt, Frothed milk and Amber.Capturing the uplifting energy of the Brazilian expression alto astral, the Body Mist blends coconut water and pink peppercorn with a radiant heart of wild orchid and saffron flower, softened by a clean linen accord and anchored by a base of sandalwood, salted amber, and warm milk.",2026,"Coconut Water, Pink Pepper","Saffron, Linen, Wild Orchid","Sandalwood, Salt, Frothed milk, Amber","woody, salty, warm spicy, powdery",N/A,https://fimgs.net/mdimg/perfume-thumbs/375x500.135120.jpg?t=1780602167,for women and men,N/A,N/A,2026-06-06 23:47:32,Fragrantica
https://www.fragrantica.com/perfume/Byredo/Bal-d-Afrique-Body-Mist-134450.html,Bal d'Afrique Body Mist Byredofor women and men,Byredo,N/A,N/A,"Bal d'Afrique Body MistbyByredois a Floral Woody Musk fragrance for women and men. This is a new fragrance.Bal d'Afrique Body Mistwas launched in 2026. Top notes are Blackcurrant, Bergamot, African Marigold and Lemon; middle notes are Lily of the Valley, Jasmine and Violet; base notes are Musk, Vetiver, Black Amber and Tonka Bean.Bal d'Afrique Body Mist by Byredo is a release from 2026. Presented as a lighter body mist version of the Bal d'Afrique scent, it opens with African marigold, bergamot, blackcurrant, and lemon, develops through jasmine, lily of the valley, and violet, and settles into black amber, musk, tonka bean, and vetiver. The brand describes it as a tribute to African music and dance, and the formula is stated to be vegan and enriched with aloe vera.",2026,"Blackcurrant, Bergamot, African Marigold, Lemon","Lily of the Valley, Jasmine, Violet","Musk, Vetiver, Black Amber, Tonka Bean","musky, aromatic, woody, animalic",N/A,https://fimgs.net/mdimg/perfume-thumbs/375x500.134450.jpg?t=1779962834,for women and men,N/A,N/A,2026-06-06 23:47:40,Fragrantica
https://www.fragrantica.com/perfume/Byredo/Gypsy-Water-Body-Mist-135121.html,Gypsy Water Body Mist Byredofor women and men,Byredo,4.0,1,"Gypsy Water Body MistbyByredois a Woody Aromatic fragrance for women and men. This is a new fragrance.Gypsy Water Body Mistwas launched in 2026. Top notes are Juniper Berries, Bergamot and Lemon; middle notes are Incense, Orris Root and Pine needles; base notes are Amber, Vanilla and Sandalwood.Capturing the beauty of life in motion and the raw freedom of impermanence, the Body Mist blends lemon, juniper berries, and pepper with a smoky heart of incense, iris, and pine needle, anchored by a warm base of amber, sandalwood, and vanilla.",2026,"Juniper Berries, Bergamot, Lemon","Incense, Orris Root, Pine needles","Amber, Vanilla, Sandalwood","amber, vanilla, woody, powdery",N/A,https://fimgs.net/mdimg/perfume-thumbs/375x500.135121.jpg?t=1780602697,for women and men,N/A,N/A,2026-06-06 23:47:47,Fragrantica
https://www.fragrantica.com/perfume/Byredo/Mojave-Ghost-Body-Mist-135115.html,Mojave Ghost Body Mist Byredofor women and men,Byredo,N/A,N/A,"Mojave Ghost Body MistbyByredois a Floral Woody Musk fragrance for women and men. This is a new fragrance.Mojave Ghost Body Mistwas launched in 2026. Top notes are Sapodilla and Ambrette; middle notes are Magnolia, Sandalwood and Violet; base notes are Vetiver, Blonde Woods, Musk and Ambergris.Inspired by the raw beauty and enduring spirit of the Mojave Desert, the Body Mist blends ambrette and Jamaican nasberry with a luminous floral heart of magnolia, and violet, anchored by a warm base of Chantilly musk, crisp amber, vetiver, and blonde woods.",2026,"Sapodilla, Ambrette","Magnolia, Sandalwood, Violet","Vetiver, Blonde Woods, Musk, Ambergris","floral, woody, musky, powdery",N/A,https://fimgs.net/mdimg/perfume-thumbs/375x500.135115.jpg?t=1780601316,for women and men,N/A,N/A,2026-06-06 23:47:58,Fragrantica
https://www.fragrantica.com/perfume/Byredo/Rose-Of-No-Man-s-Land-Body-Mist-135117.html,Rose Of No Man's Land Body Mist Byredofor women and men,Byredo,N/A,N/A,"Rose Of No Man's Land Body MistbyByredois a Oriental Spicy fragrance for women and men. This is a new fragrance.Rose Of No Man's Land Body Mistwas launched in 2026. Top notes are Turkish Rose and Pink Pepper; middle notes are Turkish Rose and Raspberry Blossom; base notes are Amber and Papyrus.Paying tribute to strength, grace, and compassion, the Body Mist blends pink pepper and Turkish rose petals with a floral heart of Rose Damascena and raspberry blossom, anchored by a warm base of amber and papyrus.",2026,"Turkish Rose, Pink Pepper","Turkish Rose, Raspberry Blossom","Amber, Papyrus","rose, floral, amber, woody",N/A,https://fimgs.net/mdimg/perfume-thumbs/375x500.135117.jpg?t=1780601817,for women and men,N/A,N/A,2026-06-06 23:48:09,Fragrantica
https://www.fragrantica.com/perfume/Byredo/Space-Rage-Travx-64217.html,Space Rage Travx Byredofor women and men,Byredo,3.28,197,"Space Rage TravxbyByredois a fragrance for women and men.Space Rage Travxwas launched in 2020. The fragrance features Fig, Citruses, Black Currant, Rose Geranium, Ozonic notes, Palmarosa, Red Apple, Praline, Cardamom, Peach Blossom, Cedar, Tiare Flower and Rose Oil.Byredo teamed up with American rapper Travis Scott for the new Space Rage collaboration.Top notes: Cosmic dust, Antimatter particlesHeart: Starlight, The scent of SupernovaBase: Atmospheric vapour, Dark nebulae100 ML EDP, limited edition.",2020,N/A,N/A,N/A,"fruity, sweet, citrus, woody",N/A,https://fimgs.net/mdimg/perfume-thumbs/375x500.64217.jpg,for women and men,N/A,N/A,2026-06-06 23:48:16,Fragrantica
https://www.fragrantica.com/perfume/Byredo/Gypsy-Water-Eau-de-Cologne-25293.html,Gypsy Water Eau de Cologne Byredofor women and men,Byredo,3.54,54,"Gypsy Water Eau de ColognebyByredois a Woody Aromatic fragrance for women and men.Gypsy Water Eau de Colognewas launched in 2014. Top notes are Bergamot, Lemon, Juniper Berries and Pepper; middle notes are Pine Tree, Incense and Orris Root; base notes are Vanilla, Sandalwood and Amber.Byredo is launching three fragrances of the modern new collection of eaux de cologne named after popular editions of the house: Gypsy Water, Sunday Cologne and Mister Marvelous, available as eau de cologne and certainly in flacons larger than the usual EDT and EDP editions. The new Cologne collection is an extension of the existing line towards a contemporary presentation of eau de cologne, created of top quality raw materials, as charismatic, exciting and elegant.All three fragrances which are now available in the eau de cologne collection retain their original olfactive identity by obtaining a fresher and dashier character. The new eaux de cologne Byredo will be available on the market starting from May 2014.GYPSY WATER EAU DE COLOGNE includes bergamot, lemon, berries, juniper berries in the top; incense, pine, orris root in the heart and sandalwood, amber, vanilla in the base.",2014,"Bergamot, Lemon, Juniper Berries, Pepper","Pine Tree, Incense, Orris Root","Vanilla, Sandalwood, Amber","woody, aromatic, citrus, fresh spicy",N/A,https://fimgs.net/mdimg/perfume-thumbs/375x500.25293.jpg,for women and men,N/A,N/A,2026-06-06 23:48:23,Fragrantica
https://www.fragrantica.com/perfume/Byredo/Mister-Marvelous-Eau-de-Cologne-25294.html,Mister Marvelous Eau de Cologne Byredofor men,Byredo,3.87,23,"Mister Marvelous Eau de ColognebyByredois a Woody Aromatic fragrance for men.Mister Marvelous Eau de Colognewas launched in 2014. Top notes are Neroli and Petitgrain; middle notes are Bamboo and Lavender; base notes are Cedar and Amber.Byredo is launching three fragrances of the modern new collection of eaux de cologne named after popular editions of the house: Gypsy Water, Sunday Cologne and Mister Marvelous, available as eau de cologne and certainly in flacons larger than the usual EDT and EDP editions. The new Cologne collection is an extension of the existing line towards a contemporary presentation of eau de cologne, created of top quality raw materials, as charismatic, exciting and elegant.All three fragrances which are now available in the eau de cologne collection retain their original olfactive identity by obtaining a fresher and dashier character. The new eaux de cologne Byredo will be available on the market starting from May 2014.MISTER MARVELOUS EAU DE COLOGNE
includes petitgrain, neroli in the top, lavender, bamboo in the heart and cedar and amber in the base.",2014,"Neroli, Petitgrain","Bamboo, Lavender","Cedar, Amber","woody, citrus, aromatic, white floral",N/A,https://fimgs.net/mdimg/perfume-thumbs/375x500.25294.jpg,for men,N/A,N/A,2026-06-06 23:48:32,Fragrantica
https://www.fragrantica.com/perfume/Byredo/Sunday-Cologne-Eau-de-Cologne-25295.html,Sunday Cologne Eau de Cologne Byredofor women and men,Byredo,3.56,36,"Sunday Cologne Eau de ColognebyByredois a Woody Aromatic fragrance for women and men.Sunday Cologne Eau de Colognewas launched in 2014. Top notes are Bergamot, Star Anise and Cardamom; middle notes are Lavender, Geranium and Incense; base notes are Vetiver, Moss and Patchouli.Byredo is launching three fragrances of the modern new collection of eaux de cologne named after popular editions of the house: Gypsy Water, Sunday Cologne and Mister Marvelous, available as eau de cologne and certainly in flacons larger than the usual EDT and EDP editions. The new Cologne collection is an extension of the existing line towards a contemporary presentation of eau de cologne, created of top quality raw materials, as charismatic, exciting and elegant.All three fragrances which are now available in the eau de cologne collection retain their original olfactive identity by obtaining a fresher and dashier character. The new eaux de cologne Byredo will be available on the market starting from May 2014.SUNDAY COLOGNE EAU DE COLOGNE
includes star annise, cardamom, bergamot in the top,lavender, geranium, incense in the heart and vetiver, patchouli and moss in the base.",2014,"Bergamot, Star Anise, Cardamom","Lavender, Geranium, Incense","Vetiver, Moss, Patchouli","aromatic, fresh spicy, citrus, woody",N/A,https://fimgs.net/mdimg/perfume-thumbs/375x500.25295.jpg,for women and men,N/A,N/A,2026-06-06 23:48:40,Fragrantica
https://www.fragrantica.com/perfume/Byredo/Bal-d-Afrique-Hair-Perfume-71942.html,Bal d'Afrique Hair Perfume Byredofor women and men,Byredo,4.2,45,"Bal d'Afrique Hair PerfumebyByredois a Floral Woody Musk fragrance for women and men.Bal d'Afrique Hair Perfumewas launched in 2015. Top notes are Bergamot, Lemon, Marigold and Neroli; middle notes are Buchu or Agathosma, Violet, Jasmine and Cyclamen; base notes are Vetiver, Black Amber, Musk and Moroccan Cedar.",2015,"Bergamot, Lemon, Marigold, Neroli","Buchu or Agathosma, Violet, Jasmine, Cyclamen","Vetiver, Black Amber, Musk, Moroccan Cedar","aromatic, citrus, woody, earthy",N/A,https://fimgs.net/mdimg/perfume-thumbs/375x500.71942.jpg,for women and men,N/A,N/A,2026-06-06 23:48:51,Fragrantica
https://www.fragrantica.com/perfume/Byredo/Byredo-Blanche-Hair-Perfume-46222.html,Byredo Blanche Hair Perfume Byredofor women,Byredo,4.07,55,"Byredo Blanche Hair PerfumebyByredois a Floral Aldehyde fragrance for women. Top notes are Aldehydes, Pink Pepper and White Rose; middle notes are Violet, Peony and Neroli; base notes are Musk, Cashmeran and Sandalwood.",N/A,"Aldehydes, Pink Pepper, White Rose","Violet, Peony, Neroli","Musk, Cashmeran, Sandalwood","powdery, musky, fresh, aldehydic",N/A,https://fimgs.net/mdimg/perfume-thumbs/375x500.46222.jpg,for women,N/A,N/A,2026-06-06 23:49:02,Fragrantica
https://www.fragrantica.com/perfume/Byredo/Gypsy-Water-Hair-Perfume-71940.html,Gypsy Water Hair Perfume Byredofor women and men,Byredo,4.24,38,"Gypsy Water Hair PerfumebyByredois a Woody Aromatic fragrance for women and men.Gypsy Water Hair Perfumewas launched in 2015. Top notes are Pepper, Juniper Berries, Lemon and Bergamot; middle notes are Incense, Pine needles and Orris; base notes are Amber, Vanilla and Sandalwood.",2015,"Pepper, Juniper Berries, Lemon, Bergamot","Incense, Pine needles, Orris","Amber, Vanilla, Sandalwood","amber, woody, aromatic, vanilla",N/A,https://fimgs.net/mdimg/perfume-thumbs/375x500.71940.jpg,for women and men,N/A,N/A,2026-06-06 23:49:14,Fragrantica
https://www.fragrantica.com/perfume/Byredo/La-Tulipe-Hair-Perfume-71939.html,La Tulipe Hair Perfume Byredofor women and men,Byredo,4.0,34,La Tulipe Hair PerfumebyByredois a Floral fragrance for women and men.La Tulipe Hair Perfumewas launched in 2016. Top notes are Cyclamen and Rhubarb; middle notes are Tulip and Freesia; base notes are White Woods and Vetiver.,2016,"Cyclamen, Rhubarb","Tulip, Freesia","White Woods, Vetiver","floral, green, soft spicy, woody",N/A,https://fimgs.net/mdimg/perfume-thumbs/375x500.71939.jpg,for women and men,N/A,N/A,2026-06-06 23:49:20,Fragrantica
https://www.fragrantica.com/perfume/Byredo/Mojave-Ghost-Hair-Perfume-71938.html,Mojave Ghost Hair Perfume Byredofor women and men,Byredo,4.09,47,"Mojave Ghost Hair PerfumebyByredois a Oriental Floral fragrance for women and men.Mojave Ghost Hair Perfumewas launched in 2016. Top notes are Ambrette (Musk Mallow) and Sapodilla; middle notes are Violet, Magnolia and Sandalwood; base notes are Cedar and Ambergris.",2016,"Ambrette (Musk Mallow), Sapodilla","Violet, Magnolia, Sandalwood","Cedar, Ambergris","floral, musky, woody, powdery",N/A,https://fimgs.net/mdimg/perfume-thumbs/375x500.71938.jpg,for women and men,N/A,N/A,2026-06-06 23:49:30,Fragrantica
https://www.fragrantica.com/perfume/Byredo/Rose-Of-No-Man-s-Land-Hair-Perfume-71937.html,Rose Of No Man's Land Hair Perfume Byredofor women and men,Byredo,3.68,22,Rose Of No Man's Land Hair PerfumebyByredois a Oriental Floral fragrance for women and men. Top notes are Turkish Rose and Pink Pepper; middle notes are Turkish Rose and Raspberry Bloom; base notes are Papyrus and White Amber.,N/A,"Turkish Rose, Pink Pepper","Turkish Rose, Raspberry Bloom","Papyrus, White Amber","rose, floral, woody, soft spicy",N/A,https://fimgs.net/mdimg/perfume-thumbs/375x500.71937.jpg,for women and men,N/A,N/A,2026-06-06 23:49:39,Fragrantica
https://www.fragrantica.com/perfume/Byredo/Bois-Obscur-115292.html,Bois Obscur Byredofor women and men,Byredo,3.4,110,"Bois ObscurbyByredois a Oriental Woody fragrance for women and men. This is a new fragrance.Bois Obscurwas launched in 2025. The nose behind this fragrance is Jérôme Epinette. Top notes are Saffron, Eucalyptus and Papyrus; middle notes are Oud, Tuberose and Jasmine; base notes are Patchouli, Labdanum, Sandalwood and Amber.Bois Obscur is part of Byredo’s Night Veils collection and is presented as an extrait with a woody-amber floral profile. It opens with saffron, eucalyptus, and smoky papyrus, moves into a heart of jasmine absolute, oud, and tuberose absolute, and rests on labdanum, patchouli, sandalwood, and a mineral amber note. The fragrance is packaged in an elongated bottle with a thick glass base and an antique gold cap, housed in a reusable box.",2025,"Saffron, Eucalyptus, Papyrus","Oud, Tuberose, Jasmine","Patchouli, Labdanum, Sandalwood, Amber","woody, oud, warm spicy, white floral",Jérôme Epinette,https://fimgs.net/mdimg/perfume-thumbs/375x500.115292.jpg,for women and men,N/A,N/A,2026-06-06 23:49:47,Fragrantica
https://www.fragrantica.com/perfume/Byredo/Casablanca-Lily-32777.html,Casablanca Lily Byredofor women and men,Byredo,3.84,49,Casablanca LilybyByredois a Oriental Floral fragrance for women and men.Casablanca Lilywas launched in 2015. Top notes are Gardenia and Plum; middle notes are Indian Tuberose and Cloves; base notes are Palisander Rosewood and Honey.,2015,"Gardenia, Plum","Indian Tuberose, Cloves","Palisander Rosewood, Honey","white floral, sweet, tuberose, fruity",N/A,https://fimgs.net/mdimg/perfume-thumbs/375x500.32777.jpg,for women and men,N/A,N/A,2026-06-06 23:49:56,Fragrantica
https://www.fragrantica.com/perfume/Byredo/Casablanca-Lily-2019-58570.html,Casablanca Lily 2019 Byredofor women and men,Byredo,4.2,1132,Casablanca Lily 2019byByredois a Oriental Floral fragrance for women and men.Casablanca Lily 2019was launched in 2019. Top notes are Gardenia and Plum; middle notes are Indian Tuberose and Carnation; base notes are Honey and Palisander Rosewood.,2019,"Gardenia, Plum","Indian Tuberose, Carnation","Honey, Palisander Rosewood","white floral, honey, sweet, tuberose",N/A,https://fimgs.net/mdimg/perfume-thumbs/375x500.58570.jpg,for women and men,N/A,N/A,2026-06-06 23:50:05,Fragrantica
https://www.fragrantica.com/perfume/Byredo/Casablanca-Lily-2025-115293.html,Casablanca Lily 2025 Byredofor women and men,Byredo,4.18,89,"Casablanca Lily 2025byByredois a Floral fragrance for women and men. This is a new fragrance.Casablanca Lily 2025was launched in 2025. Top notes are Gardenia and Plum; middle notes are Indian Tuberose and Carnation; base notes are Honey and Palisander Rosewood.Casablanca Lily by Byredo is an extrait de parfum in the Night Veils collection. The composition opens with gardenia and plum, moves through a heart of carnation and Indian tuberose, and settles on rosewood and a soft honey accord, presenting a floral profile with subtle fruity and warm woody facets.",2025,"Gardenia, Plum","Indian Tuberose, Carnation","Honey, Palisander Rosewood","white floral, tuberose, floral, sweet",N/A,https://fimgs.net/mdimg/perfume-thumbs/375x500.115293.jpg,for women and men,N/A,N/A,2026-06-06 23:50:14,Fragrantica
https://www.fragrantica.com/perfume/Byredo/Cuir-Sellier-2025-115296.html,Cuir Sellier 2025 Byredofor women and men,Byredo,3.7,57,Cuir Sellier 2025byByredois a Leather fragrance for women and men. This is a new fragrance.Cuir Sellier 2025was launched in 2025. Top note is Cashmeran; middle notes are Leather and Tobacco; base notes are Birch and Oakmoss.,2025,Cashmeran,"Leather, Tobacco","Birch, Oakmoss","leather, smoky, woody, mossy",N/A,https://fimgs.net/mdimg/perfume-thumbs/375x500.115296.jpg,for women and men,N/A,N/A,2026-06-06 23:50:22,Fragrantica
https://www.fragrantica.com/perfume/Byredo/La-Botte-41720.html,La Botte Byredofor women and men,Byredo,4.17,59,"La BottebyByredois a Leather fragrance for women and men.La Bottewas launched in 2016. Top note is Jasmine; middle notes are Violet and Synthetic Civet; base notes are Leather and Mahogany.""Riding on the success of the first Night Veils collection dedicated to heady flowers that bloom come nightfall, a new variation of elixirs is about to dawn. Housed in 30 ml onyx glass bottles, the three new compositions draw inspiration from the craft of leatherworking. So precious are these extracts, a mere drop deposited at the nape of the neck with the glass stopper is enough to diffuse their scent for hours on end. This new trio of night veils pays tribute to the delicate hand of the glovemaker, the fine skill of the bootmaker and the genius of the saddler. La Botte -
the ultimate expression of luxury, the bootmaker continues the fine tradition of custom-made footwear to this day. The workshop evokes the smell of new boots still nestled in their box, freshly buffed leather, the patinated wood shoe trees arranged by size on the shelves and the sound of heels click-clacking down the sidewalk."" - a note from the brand.La Botte by Byredo is a Leather fragrance for women and men. This is a new fragrance. La Botte was launched in 2016. Top note is jasmine; middle notes are violet and synthetic civet; base notes are mahogany and leather.",2016,Jasmine,"Violet, Synthetic Civet","Leather, Mahogany","leather, violet, animalic, powdery",N/A,https://fimgs.net/mdimg/perfume-thumbs/375x500.41720.jpg,for women and men,N/A,N/A,2026-06-06 23:50:30,Fragrantica
https://www.fragrantica.com/perfume/Byredo/La-Selle-41721.html,La Selle Byredofor women and men,Byredo,4.0,41,"La SellebyByredois a Leather fragrance for women and men.La Sellewas launched in 2016. Top notes are Cashmeran and Black Tea; middle notes are Leather and Tobacco Leaf; base notes are Birch and Oakmoss.""Following the first Night Veils collection dedicated to heady flowers that bloom come nightfall, a new variation of elixirs is about to dawn. A singular exercise that consists of writing three formulas with a high concentration of noble raw materials, based on a theme chosen by Ben Gorham. Housed in 30 ml onyx glass bottles, the three new compositions draw inspiration from the craft of leatherworking. So precious are these extracts, a mere drop deposited at the nape of the neck with the glass stopper is enough to diffuse their scent for hours on end. This new trio of night veils pays tribute to the delicate hand of the glovemaker, the fine skill of the bootmaker and the genius of the saddler. La Selle - an essential ally of any equestrian, the passionate saddler brings horse and rider together as one. Of the three Night Veils fragrances dedicated to leather, this is undoubtedly the most dynamic. Distinguished, sombre, smoky, a truly unbridled concentration of leather."" - a note from the brand.La Selle by Byredo is a Leather fragrance for women and men. This is a new fragrance. La Selle was launched in 2016. Top notes are black tea and cashmeran; middle notes are leather and tobacco leaf; base notes are birch and oakmoss.",2016,"Cashmeran, Black Tea","Leather, Tobacco Leaf","Birch, Oakmoss","leather, woody, smoky, mossy",N/A,https://fimgs.net/mdimg/perfume-thumbs/375x500.41721.jpg,for women and men,N/A,N/A,2026-06-06 23:50:40,Fragrantica
https://www.fragrantica.com/perfume/Byredo/Le-Gant-41722.html,Le Gant Byredofor women and men,Byredo,4.21,47,"Le GantbyByredois a Leather fragrance for women and men.Le Gantwas launched in 2016. Top notes are Bergamot and Saffron; middle notes are Heliotrope and Mimosa; base notes are Leather, Acai Berry, Musk and Amber.""Riding on the success of the first Night Veils collection dedicated to heady flowers that bloom come nightfall, a new variation of elixirs is about to dawn. Housed in 30 ml onyx glass bottles, the three new compositions draw inspiration from the craft of leatherworking. So precious are these extracts, a mere drop deposited at the nape of the neck with the glass stopper is enough to diffuse their scent for hours on end. This new trio of night veils pays tribute to the delicate hand of the glovemaker, the fine skill of the bootmaker and the genius of the saddler. Le Gant - with historical ties to fragrance, the glovemaker’s trade was so deeply intertwined with olfaction. Animal skin requires essences to dissipate its exceedingly wild vapors. Still today, those who work with hides and pelts share a vocabulary with the perfumer. Inspired by the delicate leather that hugs the skin, Gantier has the suppleness and refinement of a rare hide."" - a note from the brand.Le Gant by Byredo is a Leather fragrance for women and men. This is a new fragrance. Le Gant was launched in 2016. Top notes are bergamot and saffron; middle notes are heliotrope and mimosa; base notes are acai berry, musk, leather and amber.",2016,"Bergamot, Saffron","Heliotrope, Mimosa","Leather, Acai Berry, Musk, Amber","powdery, leather, musky, fruity",N/A,https://fimgs.net/mdimg/perfume-thumbs/375x500.41722.jpg,for women and men,N/A,N/A,2026-06-06 23:50:49,Fragrantica
https://www.fragrantica.com/perfume/Byredo/Midnight-Candy-32778.html,Midnight Candy Byredofor women and men,Byredo,4.08,59,Midnight CandybyByredois a Floral fragrance for women and men.Midnight Candywas launched in 2015. Top notes are Iris Flower and Carrot; middle notes are Black Violet and Egyptian Jasmine; base notes are Vanilla and Osmanthus.,2015,"Iris Flower, Carrot","Black Violet, Egyptian Jasmine","Vanilla, Osmanthus","powdery, violet, iris, floral",N/A,https://fimgs.net/mdimg/perfume-thumbs/375x500.32778.jpg,for women and men,N/A,N/A,2026-06-06 23:50:55,Fragrantica
https://www.fragrantica.com/perfume/Byredo/Reine-de-Nuit-32779.html,Reine de Nuit Byredofor women and men,Byredo,4.26,82,"Reine de NuitbyByredois a Chypre Floral fragrance for women and men.Reine de Nuitwas launched in 2015. Top notes are Black Currant and Saffron; middle notes are Incense and Alumroot; base notes are Black Rose, Patchouli and Ambrette (Musk Mallow).",2015,"Black Currant, Saffron","Incense, Alumroot","Black Rose, Patchouli, Ambrette (Musk Mallow)","rose, warm spicy, floral, amber",N/A,https://fimgs.net/mdimg/perfume-thumbs/375x500.32779.jpg,for women and men,N/A,N/A,2026-06-06 23:51:05,Fragrantica
https://www.fragrantica.com/perfume/Byredo/Reine-de-Nuit-2019-58569.html,Reine de Nuit 2019 Byredofor women and men,Byredo,4.18,834,Reine de Nuit 2019byByredois a Chypre Floral fragrance for women and men.Reine de Nuit 2019was launched in 2019. Top notes are Black Currant and Saffron; middle notes are Rose and Incense; base notes are Patchouli and Ambrette (Musk Mallow).,2019,"Black Currant, Saffron","Rose, Incense","Patchouli, Ambrette (Musk Mallow)","warm spicy, rose, fruity, woody",N/A,https://fimgs.net/mdimg/perfume-thumbs/375x500.58569.jpg,for women and men,N/A,N/A,2026-06-06 23:51:11,Fragrantica
https://www.fragrantica.com/perfume/Byredo/Rouge-Chaotique-83369.html,Rouge Chaotique Byredofor women and men,Byredo,4.02,810,"Rouge ChaotiquebyByredois a Woody Spicy fragrance for women and men.Rouge Chaotiquewas launched in 2023. Top notes are Saffron, Cassis, Bergamot and Lemon; middle notes are Plum, Praline and Oak; base notes are Agarwood (Oud), Papyrus and Patchouli.The first oud gourmand fragrance in our Night Veils collection, Rouge Chaotique takes personal inspiration from Ben Gorham’s belief that accepting the chaos within any creative process can result in singular forms of expression.",2023,"Saffron, Cassis, Bergamot, Lemon","Plum, Praline, Oak","Agarwood (Oud), Papyrus, Patchouli","fruity, woody, sweet, warm spicy",N/A,https://fimgs.net/mdimg/perfume-thumbs/375x500.83369.jpg,for women and men,N/A,N/A,2026-06-06 23:51:22,Fragrantica
https://www.fragrantica.com/perfume/Byredo/Rouge-Chaotique-2025-115295.html,Rouge Chaotique 2025 Byredofor women and men,Byredo,3.44,71,"Rouge Chaotique 2025byByredois a Oriental Woody fragrance for women and men. This is a new fragrance.Rouge Chaotique 2025was launched in 2025. Top note is Cassis; middle note is Oak; base notes are Papyrus, Oud and Patchouli.",2025,Cassis,Oak,"Papyrus, Oud, Patchouli","woody, aromatic, green, fruity",N/A,https://fimgs.net/mdimg/perfume-thumbs/375x500.115295.jpg,for women and men,N/A,N/A,2026-06-06 23:51:32,Fragrantica
https://www.fragrantica.com/perfume/Byredo/Sellier-58572.html,Sellier Byredofor women and men,Byredo,4.11,808,SellierbyByredois a Leather fragrance for women and men.Sellierwas launched in 2019. Top notes are Cashmeran and Black Tea; middle notes are Leather and Tobacco Leaf; base notes are Birch and Oakmoss.,2019,"Cashmeran, Black Tea","Leather, Tobacco Leaf","Birch, Oakmoss","leather, woody, smoky, tobacco",N/A,https://fimgs.net/mdimg/perfume-thumbs/375x500.58572.jpg,for women and men,N/A,N/A,2026-06-06 23:51:41,Fragrantica
https://www.fragrantica.com/perfume/Byredo/Tobacco-Mandarin-63031.html,Tobacco Mandarin Byredofor women and men,Byredo,3.81,1287,"Tobacco MandarinbyByredois a Oriental Woody fragrance for women and men.Tobacco Mandarinwas launched in 2020. Top notes are Cumin, Mandarin Orange and Coriander; middle notes are Tobacco, Leather and Labdanum; base notes are Olibanum, Agarwood (Oud) and Sandalwood.",2020,"Cumin, Mandarin Orange, Coriander","Tobacco, Leather, Labdanum","Olibanum, Agarwood (Oud), Sandalwood","fresh spicy, tobacco, amber, citrus",N/A,https://fimgs.net/mdimg/perfume-thumbs/375x500.63031.jpg,for women and men,N/A,N/A,2026-06-06 23:51:50,Fragrantica
https://www.fragrantica.com/perfume/Byredo/Vanille-Antique-73438.html,Vanille Antique Byredofor women and men,Byredo,4.04,1572,Vanille AntiquebyByredois a Oriental Woody fragrance for women and men.Vanille Antiquewas launched in 2022. Top notes are Musk and Plum; middle notes are White Wood and Labdanum; base notes are Vanilla and Amber.,2022,"Musk, Plum","White Wood, Labdanum","Vanilla, Amber","amber, vanilla, woody, musky",N/A,https://fimgs.net/mdimg/perfume-thumbs/375x500.73438.jpg,for women and men,N/A,N/A,2026-06-06 23:51:59,Fragrantica
https://www.fragrantica.com/perfume/Byredo/Vanille-Antique-2025-115294.html,Vanille Antique 2025 Byredofor women and men,Byredo,4.03,174,"Vanille Antique 2025byByredois a Oriental Vanilla fragrance for women and men. This is a new fragrance.Vanille Antique 2025was launched in 2025. Top notes are Plum and Freesia; middle notes are Amber, Oud, Cashmere Wood and Tuberose; base notes are Madagascar Vanilla and Labdanum.Vanille Antique is part of Byredo’s Night Veils collection of extrait-strength fragrances, built around a nuanced interpretation of vanilla within an amber-woody frame. It opens with freesia and plum, moves through a heart of amber, cashmere woods, oud, and tuberose absolute, and settles on a resinous base of Madagascar vanilla and cistus oil. The composition presents vanilla in a darker, more textured context, balancing floral facets with balsamic warmth.",2025,"Plum, Freesia","Amber, Oud, Cashmere Wood, Tuberose","Madagascar Vanilla, Labdanum","amber, vanilla, woody, oud",N/A,https://fimgs.net/mdimg/perfume-thumbs/375x500.115294.jpg,for women and men,N/A,N/A,2026-06-06 23:52:08,Fragrantica
https://www.fragrantica.com/perfume/Byredo/Oliver-Peoples-Champagne-38820.html,Oliver Peoples Champagne Byredofor women and men,Byredo,4.06,32,"Oliver Peoples ChampagnebyByredois a Woody Aromatic fragrance for women and men.Oliver Peoples Champagnewas launched in 2015. Top notes are Juniper Berries and Californian Lemon; middle notes are Patchouli and Orris; base notes are Immortelle, Sand and Musk.",2015,"Juniper Berries, Californian Lemon","Patchouli, Orris","Immortelle, Sand, Musk","woody, patchouli, aromatic, warm spicy",N/A,https://fimgs.net/mdimg/perfume-thumbs/375x500.38820.jpg,for women and men,N/A,N/A,2026-06-06 23:52:15,Fragrantica
https://www.fragrantica.com/perfume/Byredo/Oliver-Peoples-Green-38821.html,Oliver Peoples Green Byredofor women and men,Byredo,3.91,44,"Oliver Peoples GreenbyByredois a Woody Aromatic fragrance for women and men.Oliver Peoples Greenwas launched in 2015. Top notes are Juniper Berries and Californian Lemon; middle notes are Patchouli and Orris; base notes are Sand, Immortelle and Musk.",2015,"Juniper Berries, Californian Lemon","Patchouli, Orris","Sand, Immortelle, Musk","aromatic, woody, warm spicy, sand",N/A,https://fimgs.net/mdimg/perfume-thumbs/375x500.38821.jpg,for women and men,N/A,N/A,2026-06-06 23:52:23,Fragrantica
https://www.fragrantica.com/perfume/Byredo/Oliver-Peoples-Indigo-30946.html,Oliver Peoples Indigo Byredofor women and men,Byredo,4.01,161,"Oliver Peoples IndigobyByredois a Woody Aromatic fragrance for women and men.Oliver Peoples Indigowas launched in 2015. Top notes are Juniper Berries and Californian Lemon; middle notes are Patchouli and Iris; base notes are Sand, Musk and Immortelle.Oliver Peoples & Byredo launch limited summer collection which includes perfume and sunglasses created in style and colors to fit each other. The collection was inspired by the phenomenon of synthesis joining thought, styles and views of the direction of both brands.""Ben and I share similar views on the positioning of brand and esthetics. We share similar views of positioning of the brand and esthetics. We have always wanted to work on a project together."" -says David Schulte, Oliver Peoples CEO. ""A year ago he invited me and said the word ‘synthesis’ which I never heard before. I liked it and we developed concept by joining LA influence of vision and fashion. Oliver Peoples has never created anything else but glasses, so venturing into fragrance was a big deal for us. I cannot imagine anyone better than Byredo to do that with.""The concept of the new limited collection is extremely interesting, since master perfumer of the house of Byredo got the task to observe the sights of Los Angeles through different colors of lenses, to visualize the scent and to interpret it into a layered composition.The unique idea resulted in created glasses in color paired with sunglasses frame in the same shades, color of perfume flacon and skilfully nuanced composition of the fragrance. The whole concept is very modern and aimed at men and women. Sunglasses frame and fragrances are unisex. Face of the advertising campaign Oliver Peoples & Byredo is model Frida Gustavsson (on the photo).According to Oliver Peoples, the frames are available in two colors (Semi Matte Black and Beige Crystal) while glass for the unisex sunglasses can be chosen in three shades (Indigo, Champagne and Green). Fragrances and sunglasses will be available separately and in special sets, together and paired per colors. Flacons of the new fragrance go with colors of glass and are created in the same shades: indigo, champagne and green.""I have admired Oliver Peoples since I felt their approach to a product similar to ours in Byredo brand. It was very important to me that this partnership has the right reason for existence and synthesis, and the idea of a joint perception was ideal for a joint venture. I met artists, musicians and perfumers who present characteristics of the so-called disorder and I was always fascinated by clarity of their descriptions"" - stated Ben Gorham, creative director and owner of Byredo.Fragrance Oliver Peoples Byredo arrives in concentration Eau de Parfum 50ml as limited edition. The composition opens with aromatic juniper berries combined with Californian lemon. The heart highlights iris and patchouli, while the base provides depth and warmth to aromas of sand, musk and immortelle.",2015,"Juniper Berries, Californian Lemon","Patchouli, Iris","Sand, Musk, Immortelle","aromatic, woody, patchouli, fresh spicy",N/A,https://fimgs.net/mdimg/perfume-thumbs/375x500.30946.jpg,for women and men,N/A,N/A,2026-06-06 23:52:30,Fragrantica
https://www.fragrantica.com/perfume/Byredo/Oliver-Peoples-Moss-38818.html,Oliver Peoples Moss Byredofor women and men,Byredo,3.95,42,"Oliver Peoples MossbyByredois a Woody Aromatic fragrance for women and men.Oliver Peoples Mosswas launched in 2016. Top notes are Juniper Berries and Californian Lemon; middle notes are Patchouli and Orris; base notes are Immortelle, Musk and Sand.",2016,"Juniper Berries, Californian Lemon","Patchouli, Orris","Immortelle, Musk, Sand","aromatic, woody, warm spicy, herbal",N/A,https://fimgs.net/mdimg/perfume-thumbs/375x500.38818.jpg,for women and men,N/A,N/A,2026-06-06 23:52:42,Fragrantica
https://www.fragrantica.com/perfume/Byredo/Oliver-Peoples-Mustard-38816.html,Oliver Peoples Mustard Byredofor women and men,Byredo,3.88,33,"Oliver Peoples MustardbyByredois a Woody Aromatic fragrance for women and men.Oliver Peoples Mustardwas launched in 2016. Top notes are Juniper Berries and Californian Lemon; middle notes are Patchouli and Orris; base notes are Sand, Immortelle and Musk.",2016,"Juniper Berries, Californian Lemon","Patchouli, Orris","Sand, Immortelle, Musk","aromatic, sand, woody, fresh spicy",N/A,https://fimgs.net/mdimg/perfume-thumbs/375x500.38816.jpg,for women and men,N/A,N/A,2026-06-06 23:52:52,Fragrantica
https://www.fragrantica.com/perfume/Byredo/Oliver-Peoples-Rosewood-38819.html,Oliver Peoples Rosewood Byredofor women and men,Byredo,3.93,44,"Oliver Peoples RosewoodbyByredois a Woody Aromatic fragrance for women and men.Oliver Peoples Rosewoodwas launched in 2016. Top notes are Juniper Berries and Californian Lemon; middle notes are Orris and Patchouli; base notes are Immortelle, Musk and Sand.",2016,"Juniper Berries, Californian Lemon","Orris, Patchouli","Immortelle, Musk, Sand","aromatic, woody, citrus, warm spicy",N/A,https://fimgs.net/mdimg/perfume-thumbs/375x500.38819.jpg,for women and men,N/A,N/A,2026-06-06 23:52:57,Fragrantica
https://www.fragrantica.com/perfume/Byredo/Bal-d-Afrique-Absolu-108421.html,Bal d'Afrique Absolu Byredofor women and men,Byredo,4.48,1616,"Bal d'Afrique AbsolubyByredois a Floral Woody Musk fragrance for women and men. This is a new fragrance.Bal d'Afrique Absoluwas launched in 2025. The nose behind this fragrance is Jerome Epinette. Top notes are Blackcurrant, Bergamot and Lemon; middle notes are Praline, Musk and Violet; base notes are Black Amber, Cedarwood and Vetiver.""Inspired by founder Ben Gorham's personal connection to Africa, particularly his father's experiences traveling and living there, Ben Gorham crafted Bal d’Afrique as both an imaginary journey and a celebration of Africa's rich cultural impact on dance, art, and music.Intensifying the gourmand aspect of Bal d’Afrique, this reimagined composition heightens the contrast between vibrant lightness and addictive depth, offering a richer, more addictive experience. Notes of bergamot, lemon, and blackcurrant offer a bold vibrance, melting into the sweetness of praline, musks, and violet, and finishing on a dramatic base of cedar, vetiver, and warm black amber.Beyond the fragrance, the homage to craftsmanship is reflected in the newly redesigned Absolu de Parfum bottle. The textured cap, inspired by Yakisugi, the Japanese art of charring wood, embodies the deep intensity, transformation, and enduring strength that mirrors the essence of the Absolu. The silver and gold atomizer spray, with its industrial edge, complements the bottle’s elemental design and the clean curves of the glass. Within the bottle, the hue of the Absolu de Parfum is intensified, offering a visual hint at the rich concentration of fragrance inside.""",2025,"Blackcurrant, Bergamot, Lemon","Praline, Musk, Violet","Black Amber, Cedarwood, Vetiver","citrus, woody, aromatic, sweet",Jerome Epinette,https://fimgs.net/mdimg/perfume-thumbs/375x500.108421.jpg,for women and men,N/A,N/A,2026-06-06 23:53:06,Fragrantica
https://www.fragrantica.com/perfume/Byredo/Black-Saffron-Absolu-121649.html,Black Saffron Absolu Byredofor women and men,Byredo,4.12,88,"Black Saffron AbsolubyByredois a Oriental Spicy fragrance for women and men. This is a new fragrance.Black Saffron Absoluwas launched in 2025. Top notes are Saffron, Pomelo and Juniper Berries; middle notes are Leather, Black Violet and Rose; base notes are Blonde Woods, Raspberry and Vetiver.Black Saffron Absolu by Byredo is described as a more concentrated interpretation of the original Black Saffron composition. The fragrance opens with juniper berries and bright pomelo, coloured by a pronounced saffron note that gives the top an aromatic, spicy character. The heart combines black violet and Cristal Rose with a leather accord, introducing a floral-leathery facet that leads into a warm, woody base. Blonde woods, vetiver and a touch of raspberry round out the drydown, creating a unisex scent that moves from citrus and spice to floral leather and soft woods in an intensified absolu de parfum concentration.",2025,"Saffron, Pomelo, Juniper Berries","Leather, Black Violet, Rose","Blonde Woods, Raspberry, Vetiver","leather, warm spicy, animalic, rose",N/A,https://fimgs.net/mdimg/perfume-thumbs/375x500.121649.jpg,for women and men,N/A,N/A,2026-06-06 23:53:16,Fragrantica
https://www.fragrantica.com/perfume/Byredo/Blanche-Absolu-103743.html,Blanche Absolu Byredofor women and men,Byredo,4.07,528,"Blanche AbsolubyByredois a Floral Aldehyde fragrance for women and men. This is a new fragrance.Blanche Absoluwas launched in 2025. Top notes are Aldehydes, Black Pepper and Neroli; middle notes are Jasmine, Violet and Rose; base notes are Musk, Ambroxan, Cashmeran and Cashmere Wood.",2025,"Aldehydes, Black Pepper, Neroli","Jasmine, Violet, Rose","Musk, Ambroxan, Cashmeran, Cashmere Wood","musky, aldehydic, amber, powdery",N/A,https://fimgs.net/mdimg/perfume-thumbs/375x500.103743.jpg,for women and men,N/A,N/A,2026-06-06 23:53:27,Fragrantica
https://www.fragrantica.com/perfume/Byredo/Gypsy-Water-Absolu-121784.html,Gypsy Water Absolu Byredofor women and men,Byredo,3.44,219,"Gypsy Water AbsolubyByredois a Oriental Woody fragrance for women and men. This is a new fragrance.Gypsy Water Absoluwas launched in 2026. The nose behind this fragrance is Jérôme Epinette. Top notes are Pine needles, Black Pepper and Bergamot; middle notes are Incense, Orris and Carrot Seeds; base notes are Vanilla Absolute, White Suede and Ambroxan.Gypsy Water Absolu Byredo is a woody fragrance with pronounced spicy nuances, presented as a more concentrated interpretation of the original Gypsy Water theme. The composition opens with a contrast of sparkling bergamot, black pepper and aromatic pine needles. In the heart, creamy orris butter is combined with carrot seed to create an earthy warmth, nuanced by the smoky character of incense absolute. The base rests on ambroxan, vanilla absolute and white suede, forming a soft amber-woody trail that emphasizes both texture and depth.",2026,"Pine needles, Black Pepper, Bergamot","Incense, Orris, Carrot Seeds","Vanilla Absolute, White Suede, Ambroxan","amber, woody, powdery, smoky",Jérôme Epinette,https://fimgs.net/mdimg/perfume-thumbs/375x500.121784.jpg,for women and men,N/A,N/A,2026-06-06 23:53:38,Fragrantica
https://www.fragrantica.com/perfume/Byredo/Mojave-Ghost-Absolu-97879.html,Mojave Ghost Absolu Byredofor women and men,Byredo,4.3,1095,"Mojave Ghost AbsolubyByredois a Floral Woody Musk fragrance for women and men. This is a new fragrance.Mojave Ghost Absoluwas launched in 2024. Top notes are Sapodilla and Ambrette; middle notes are Magnolia, Violet and Sandalwood; base notes are Musk, Amber and Cedarwood.Sandalwood, familiar ingredients are extracted in a higher concentration to create a longer-lasting scent with profound depths.The celebration of artisanship is visualised through a new perfume bottle which features a striking textural cap, inspired by traditional woodwork. Opening to reveal an atomizer spray engineered with more industrial leanings, considered juxtapositions craft a study in contrasts – a rarefied reinterpretation that stays true to the original signature.",2024,"Sapodilla, Ambrette","Magnolia, Violet, Sandalwood","Musk, Amber, Cedarwood","floral, musky, powdery, woody",N/A,https://fimgs.net/mdimg/perfume-thumbs/375x500.97879.jpg,for women and men,N/A,N/A,2026-06-06 23:53:49,Fragrantica
https://www.fragrantica.com/perfume/Byredo/Rose-of-No-Man-s-Land-Absolu-108422.html,Rose of No Man's Land Absolu Byredofor women and men,Byredo,4.25,320,"Rose of No Man's Land AbsolubyByredois a Oriental Floral fragrance for women and men. This is a new fragrance.Rose of No Man's Land Absoluwas launched in 2025. Top notes are Saffron, Blackcurrant and Pink Pepper; middle notes are Raspberry and Peony; base notes are Patchouli, Black Amber and Papyrus.""Rose of No Man's Land Absolu reimagines the iconic scent with a more opulent, smoky intensity, paying tribute to the rose that flourishes where others fear to venture. At the heart of the composition beats a trilogy of exquisite roses, seamlessly weaving themselves through the top and base notes to add an elegant depth. Top notes of saffron and blackcurrant introduce a fruity touch with a punch of pink pepper, with black raspberry and peony intertwining themselves with the roses. A base of papyrus, dark patchouli and warm amber allows the fragrance to linger with smoky intensity.The Absolu de Parfum is held in a redesigned bottle, an homage to craftsmanship. Embodying the deep intensity and transformation, the textured cap, inspired by Yakisugi, the Japanese art of charring wood, opens to reveal the silver and gold atomizer spray, complementing the bottle’s elemental design and the clean curves of the glass that shows the intense color of the fragrance within.""",2025,"Saffron, Blackcurrant, Pink Pepper","Raspberry, Peony","Patchouli, Black Amber, Papyrus","fruity, floral, warm spicy, woody",N/A,https://fimgs.net/mdimg/perfume-thumbs/375x500.108422.jpg,for women and men,N/A,N/A,2026-06-06 23:53:59,Fragrantica
