product_url,product_name,brand_name,rating,number_of_ratings,product_description,release_date,top_notes,middle_notes,base_notes,notes,main_accords,perfumer,product_images,gender,longevity,sillage,scraped_at,source
https://www.fragrantica.com/perfume/Louis-Vuitton/Ink-Mark-115407.html,Ink Mark Louis Vuittonfor women and men,Louis Vuitton,4.33,241,"Ink MarkbyLouis Vuittonis a Oriental Woody fragrance for women and men. This is a new fragrance.Ink Markwas launched in 2025. The nose behind this fragrance is Jacques Cavallier Belletrud. The fragrance features Sandalwood, Amber and Incense.Ink Mark by Louis Vuitton is a unisex fragrance introduced for 2025 as part of the Journey to China collection. The scent comes in the house’s signature flacon rendered in a milk white lacquer with a plum-colored cap. Official note details and concentration have not been disclosed; the collection is planned to launch on October 17, 2025.",2025,N/A,N/A,N/A,"Sandalwood, Amber, Incense","woody, powdery, warm spicy, aromatic",Jacques Cavallier Belletrud,https://fimgs.net/mdimg/perfume-thumbs/375x500.115407.jpg,for women and men,N/A,N/A,2026-06-09 09:54:25,Fragrantica
https://www.fragrantica.com/perfume/Louis-Vuitton/Moon-Tale-115408.html,Moon Tale Louis Vuittonfor women and men,Louis Vuitton,4.5,254,"Moon TalebyLouis Vuittonis a fragrance for women and men. This is a new fragrance.Moon Talewas launched in 2025. The nose behind this fragrance is Jacques Cavallier Belletrud. The fragrance features Peony, Raspberry, Jasmine Sambac, Magnolia and Rose Geranium.Moon Tale by Louis Vuitton is a unisex fragrance announced as part of the Journey to China collection. It is presented in the house’s signature bottle, finished in cyan blue lacquer with a bright orange cap. Official note details and concentration have not been disclosed; the collection is planned to launch on October 17, 2025.",2025,N/A,N/A,N/A,"Peony, Raspberry, Jasmine Sambac, Magnolia, Rose Geranium","floral, fruity, white floral, fresh",Jacques Cavallier Belletrud,https://fimgs.net/mdimg/perfume-thumbs/375x500.115408.jpg,for women and men,N/A,N/A,2026-06-09 09:54:37,Fragrantica
https://www.fragrantica.com/perfume/Louis-Vuitton/Rain-Tea-115406.html,Rain Tea Louis Vuittonfor women and men,Louis Vuitton,4.43,316,"Rain TeabyLouis Vuittonis a fragrance for women and men. This is a new fragrance.Rain Teawas launched in 2025. The nose behind this fragrance is Jacques Cavallier Belletrud. The fragrance features Tea, Lemongrass, Rose, Magnolia and Woody Notes.Rain Tea by Louis Vuitton is a unisex fragrance announced as part of the Journey to China collection. It is presented in a pastel mint green lacquered bottle with a salmon pink cap. Official note details and concentration have not been disclosed; the collection is planned to launch on October 17, 2025.",2025,N/A,N/A,N/A,"Tea, Lemongrass, Rose, Magnolia, Woody Notes","citrus, fresh spicy, green, fresh",Jacques Cavallier Belletrud,https://fimgs.net/mdimg/perfume-thumbs/375x500.115406.jpg,for women and men,N/A,N/A,2026-06-09 09:54:46,Fragrantica
https://www.fragrantica.com/perfume/Louis-Vuitton/Cosmic-Cloud-68355.html,Cosmic Cloud Louis Vuittonfor women and men,Louis Vuitton,3.7,338,"Cosmic CloudbyLouis Vuittonis a Chypre Fruity fragrance for women and men.Cosmic Cloudwas launched in 2021. The nose behind this fragrance is Jacques Cavallier Belletrud. The fragrance features Musk, Black Currant, Bergamot and Patchouli.",2021,N/A,N/A,N/A,"Musk, Black Currant, Bergamot, Patchouli","musky, powdery, fruity, animalic",Jacques Cavallier Belletrud,https://fimgs.net/mdimg/perfume-thumbs/375x500.68355.jpg,for women and men,N/A,N/A,2026-06-09 09:54:57,Fragrantica
https://www.fragrantica.com/perfume/Louis-Vuitton/Dancing-Blossom-68358.html,Dancing Blossom Louis Vuittonfor women and men,Louis Vuitton,4.03,284,"Dancing BlossombyLouis Vuittonis a Floral fragrance for women and men.Dancing Blossomwas launched in 2021. The nose behind this fragrance is Jacques Cavallier Belletrud. The fragrance features May Rose, Jasmine Sambac, Tuberose and Osmanthus.",2021,N/A,N/A,N/A,"May Rose, Jasmine Sambac, Tuberose, Osmanthus","white floral, rose, floral, tuberose",Jacques Cavallier Belletrud,https://fimgs.net/mdimg/perfume-thumbs/375x500.68358.jpg,for women and men,N/A,N/A,2026-06-09 09:55:05,Fragrantica
https://www.fragrantica.com/perfume/Louis-Vuitton/Fantasmagory-116625.html,Fantasmagory Louis Vuittonfor women and men,Louis Vuitton,4.2,470,"FantasmagorybyLouis Vuittonis a Oriental Vanilla fragrance for women and men. This is a new fragrance.Fantasmagorywas launched in 2025. The nose behind this fragrance is Jacques Cavallier Belletrud. Top notes are Anise and Ginger; middle notes are Almond and Floral Notes; base notes are Vanilla and Leather.Fantasmagory by Louis Vuitton is a unisex Eau de Parfum released in 2025 as part of the brand’s Les Extraits Collection. Created by Jacques Cavallier Belletrud, the composition focuses on vanilla, opening with ginger and moving through a soft gourmand heart of almond reminding of amaretto and diffuse floral nuances, settling into a base of vanilla with a subtle leather facet. The fragrance is presented in a sculptural bottle by architect Frank Gehry, with clear glass and a polished metal cap.",2025,"Anise, Ginger","Almond, Floral Notes","Vanilla, Leather",N/A,"vanilla, almond, nutty, sweet",Jacques Cavallier Belletrud,https://fimgs.net/mdimg/perfume-thumbs/375x500.116625.jpg,for women and men,N/A,N/A,2026-06-09 09:55:14,Fragrantica
https://www.fragrantica.com/perfume/Louis-Vuitton/Myriad-85363.html,Myriad Louis Vuittonfor women and men,Louis Vuitton,3.84,660,"MyriadbyLouis Vuittonis a Oriental Woody fragrance for women and men.Myriadwas launched in 2023. The nose behind this fragrance is Jacques Cavallier Belletrud. Top note is Saffron; middle notes are Bulgarian Rose and Grasse Rose; base notes are Assam Oud, Ambrette, Cacao and White Musk.",2023,Saffron,"Bulgarian Rose, Grasse Rose","Assam Oud, Ambrette, Cacao, White Musk",N/A,"oud, rose, warm spicy, metallic",Jacques Cavallier Belletrud,https://fimgs.net/mdimg/perfume-thumbs/375x500.85363.jpg,for women and men,N/A,N/A,2026-06-09 09:55:24,Fragrantica
https://www.fragrantica.com/perfume/Louis-Vuitton/Rhapsody-68359.html,Rhapsody Louis Vuittonfor women and men,Louis Vuitton,4.05,450,"RhapsodybyLouis Vuittonis a Chypre Floral fragrance for women and men.Rhapsodywas launched in 2021. The nose behind this fragrance is Jacques Cavallier Belletrud. The fragrance features Oakmoss, Mate, Lily-of-the-Valley, Jasmine, Rose, Patchouli and Vetiver.",2021,N/A,N/A,N/A,"Oakmoss, Mate, Lily-of-the-Valley, Jasmine, Rose, Patchouli, Vetiver","mossy, earthy, aromatic, fresh spicy",Jacques Cavallier Belletrud,https://fimgs.net/mdimg/perfume-thumbs/375x500.68359.jpg,for women and men,N/A,N/A,2026-06-09 09:55:34,Fragrantica
https://www.fragrantica.com/perfume/Louis-Vuitton/Stellar-Times-68356.html,Stellar Times Louis Vuittonfor women and men,Louis Vuitton,4.42,1096,"Stellar TimesbyLouis Vuittonis a Oriental Floral fragrance for women and men.Stellar Timeswas launched in 2021. The nose behind this fragrance is Jacques Cavallier Belletrud. The fragrance features Orange Blossom, Amber and Woody Notes.",2021,N/A,N/A,N/A,"Orange Blossom, Amber, Woody Notes","white floral, amber, woody, citrus",Jacques Cavallier Belletrud,https://fimgs.net/mdimg/perfume-thumbs/375x500.68356.jpg,for women and men,N/A,N/A,2026-06-09 09:55:43,Fragrantica
https://www.fragrantica.com/perfume/Louis-Vuitton/Symphony-68357.html,Symphony Louis Vuittonfor women and men,Louis Vuitton,4.48,2600,"SymphonybyLouis Vuittonis a Citrus fragrance for women and men.Symphonywas launched in 2021. The nose behind this fragrance is Jacques Cavallier Belletrud. The fragrance features Grapefruit, Bergamot and Ginger.",2021,N/A,N/A,N/A,"Grapefruit, Bergamot, Ginger","citrus, fresh spicy, aromatic, floral",Jacques Cavallier Belletrud,https://fimgs.net/mdimg/perfume-thumbs/375x500.68357.jpg,for women and men,N/A,N/A,2026-06-09 09:55:50,Fragrantica
https://www.fragrantica.com/perfume/Louis-Vuitton/Afternoon-Swim-53947.html,Afternoon Swim  Louis Vuittonfor women and men,Louis Vuitton,4.42,4763,"Afternoon SwimbyLouis Vuittonis a Citrus fragrance for women and men.Afternoon Swimwas launched in 2019. The nose behind this fragrance is Jacques Cavallier Belletrud. The fragrance features Mandarin Orange, Sicilian Orange, Bergamot, Ambergris and Ginger.Les Colognes Louis Vuitton is the new line of the Les Parfums Louis Vuitton collection that comes out in April 2019. Perfumer Jacques Cavallier Belletrud signed all creations of this house. The three fresh, cologne-like scents (in EDP concentration) are named Sun Song, Cactus Garden and Afternoon Swim.Louis Vuitton collaborated with L.A.-based artist Alex Israel, who designed the outer packaging of the new fragrances. The flacons and boxes come in a bright yellow, green and blue, with drawings of a sun, a cactus and a wave.Afternoon Swim is a ""full of energy"" scent, with orange, bergamot and mandarin. ""I wanted a shot of vitamin C in the fragrance, something full of energy,"" explained Cavallier Belletrud.The fragrances will be available as a 100 and 200 ml Eau de Parfum.",2019,N/A,N/A,N/A,"Mandarin Orange, Sicilian Orange, Bergamot, Ambergris, Ginger","citrus, fresh spicy, sweet, amber",Jacques Cavallier Belletrud,https://fimgs.net/mdimg/perfume-thumbs/375x500.53947.jpg,for women and men,N/A,N/A,2026-06-09 09:56:00,Fragrantica
https://www.fragrantica.com/perfume/Louis-Vuitton/Ambre-Levant-122775.html,Ambre Levant Louis Vuittonfor women and men,Louis Vuitton,4.28,533,"Ambre LevantbyLouis Vuittonis a Oriental Woody fragrance for women and men. This is a new fragrance.Ambre Levantwas launched in 2026. The nose behind this fragrance is Jacques Cavallier Belletrud. Top notes are Cinnamon and Mandarin; middle notes are Incense and White Pepper; base notes are Amber, Ambergris, Oud and Labdanum.There is a moment when the world takes on a profound intensity—when the sun begins its descent and the sky turns to amber just before surrendering to the night. In this captivating golden hour, the sky still holds the warmth of the day, while its memory lingers gently in the air.From one horizon to the other, this luminous glow envelops the landscape, softening boundaries and erasing distance. It carries a unique power of attraction. Gradually, the world seems transformed by a new energy, as the first stirrings of evening begin to unfold. Everything quickens and intensifies, as if moved by a single, shared impulse.Ambre Levant is born from this fleeting instant, when amber light rises and unites sky and earth in a seamless wash of color. At its heart lies “black gold,” an emblematic treasure of Middle Eastern perfumery, which deepens the composition and amplifies its intensity tenfold. For Jacques Cavallier Belletrud, it is among the most sensual of woods—unique and of exceptional quality. Its refined woody character reveals a subtle animality, balanced by an elegance that is both spicy and warmly ambered.With its absolute amber signature, Ambre Levant captures the light of the golden hour and extends its radiance onto the skin.The iconic Louis Vuitton flacon, crafted in transparent black glass, is reimagined here in a deep, warm amber hue. It appears to glow from within, as though infused with the very light of sunset. This 100 ml Eau de Parfum bottle is also designed to be refilled at select stores equipped with a perfume fountain.",2026,"Cinnamon, Mandarin","Incense, White Pepper","Amber, Ambergris, Oud, Labdanum",N/A,"amber, oud, balsamic, animalic",Jacques Cavallier Belletrud,https://fimgs.net/mdimg/perfume-thumbs/375x500.122775.jpg,for women and men,N/A,N/A,2026-06-09 09:56:10,Fragrantica
https://www.fragrantica.com/perfume/Louis-Vuitton/Apogee-40498.html,Apogée Louis Vuittonfor women,Louis Vuitton,4.06,549,"ApogéebyLouis Vuittonis a Floral fragrance for women.Apogéewas launched in 2016. The nose behind this fragrance is Jacques Cavallier Belletrud. Top notes are Tangerine and Orange; middle notes are Lily-of-the-Valley, Magnolia, Jasmine and Rose; base notes are White Musk, Guaiac Wood and Sandalwood.The long-awaited perfume from the luxury French fashion brand Louis Vuitton arrives in September 2016. The creation process took over four years, including establishing the creative atelier Les Fontains Parfumées in Grasse with Jacques Cavallier Belletrud in the position of in-house perfumer. The license belongs to the LVMH company. Les Parfums Louis Vuitton transmit journeys of emotions and aromatic adventures.Seven luxurious fragrances are presented in the collection: Rose des Vents, Matière Noire, Mille Feux, Apogée, Turbulences, Dans la Peau and Contre Moi.The fragrances are feminine and floral, with names that aim to highlight the emotional narrative rather than the ingredients.""From the airiness of Rose des Vents to the intoxicating Turbulences, the ecstasy of a first night with Dans la Peau to the mindful immersion in nature with Apogée; from the self-revealing Contre Moi to an exploration of a darker side with Matière Noire and the explosion of the senses with Mille Feux… Les parfums Louis Vuitton describe a journey of the emotions.""Apogee, a delicate floral fragrance, features Grasse jasmine as the main ingredient with lily of the valley, rose, magnolia, guaiac wood and sandalwood.The face of the campaign is French actress Léa Seydoux.The bottles are designed by Marc Newson, made of heavy glass to look like minimalist versions of apothecary vials with metal caps featuring the LV emblem. The price of each bottle is $240.The fragrances are available in 100 and 200 ml Eau de Parfum, with additional travel spray set of four x 7.5 ml and a limited edition set of all seven miniatures x 10 ml.",2016,"Tangerine, Orange","Lily-of-the-Valley, Magnolia, Jasmine, Rose","White Musk, Guaiac Wood, Sandalwood",N/A,"white floral, floral, fresh, citrus",Jacques Cavallier Belletrud,https://fimgs.net/mdimg/perfume-thumbs/375x500.40498.jpg,for women,N/A,N/A,2026-06-09 09:56:19,Fragrantica
https://www.fragrantica.com/perfume/Louis-Vuitton/Attrape-Reves-51016.html,Attrape-Rêves Louis Vuittonfor women,Louis Vuitton,4.32,2280,"Attrape-RêvesbyLouis Vuittonis a Oriental Floral fragrance for women.Attrape-Rêveswas launched in 2018. The nose behind this fragrance is Jacques Cavallier Belletrud. Top notes are Litchi, Bergamot and Ginger; middle notes are Peony, Turkish Rose and Cacao; base note is Patchouli.The house of Louis Vuitton is launching a new addition to the women's Les Parfums Louis Vuitton collection - the fragrance called Attrape-Rêves (""Dream Catcher"") - inspired by unexpected and magical experiences like witnessing a large meteor shower.To capture the experience of euphoria and dreams of exciting adventures, perfumer Jacques Cavallier Belletrud chose the olfactory direction of the composition as ""explosive, lively and surprising.""Top notes: bergamot, ginger, lycheeHeart: peony, cocoa flower, Turkish roseBase: patchouli essenceLouis Vuitton Attrape-Rêves will be available in quantities of 100 and 200 ml Eau de Parfum from mid-September 2018. The perfume can also be stored in a leather box crafted in the Louis Vuitton workshops, marked with initials of your choice.",2018,"Litchi, Bergamot, Ginger","Peony, Turkish Rose, Cacao",Patchouli,N/A,"rose, floral, fresh, fruity",Jacques Cavallier Belletrud,https://fimgs.net/mdimg/perfume-thumbs/375x500.51016.jpg,for women,N/A,N/A,2026-06-09 09:56:30,Fragrantica
https://www.fragrantica.com/perfume/Louis-Vuitton/Au-Hasard-49756.html,Au Hasard Louis Vuittonfor men,Louis Vuitton,4.3,503,"Au HasardbyLouis Vuittonis a Woody fragrance for men.Au Hasardwas launched in 2018. The nose behind this fragrance is Jacques Cavallier Belletrud. Top notes are Bergamot, Lemon and Aldehydes; middle notes are Pear, Cardamom, Freesia, Green Notes and Neroli; base notes are Leather, Musk, Sandalwood, Ambrette (Musk Mallow) and Cashmeran.",2018,"Bergamot, Lemon, Aldehydes","Pear, Cardamom, Freesia, Green Notes, Neroli","Leather, Musk, Sandalwood, Ambrette (Musk Mallow), Cashmeran",N/A,"musky, woody, powdery, warm spicy",Jacques Cavallier Belletrud,https://fimgs.net/mdimg/perfume-thumbs/375x500.49756.jpg,for men,N/A,N/A,2026-06-09 09:56:38,Fragrantica
https://www.fragrantica.com/perfume/Louis-Vuitton/Cactus-Garden-53946.html,Cactus Garden Louis Vuittonfor women and men,Louis Vuitton,4.3,792,"Cactus GardenbyLouis Vuittonis a Citrus Aromatic fragrance for women and men.Cactus Gardenwas launched in 2019. The nose behind this fragrance is Jacques Cavallier Belletrud. The fragrance features Lemongrass, Calabrian bergamot and Mate.Les Colognes Louis Vuitton is the new line of the Les Parfums Louis Vuitton collection that comes out in April 2019. Perfumer Jacques Cavallier Belletrud signed all creations of this house. The three fresh, cologne-like scents (in EDP concentration) are named Sun Song, Cactus Garden and Afternoon Swim.Louis Vuitton collaborated with L.A.-based artist Alex Israel, who designed the outer packaging of the new fragrances. The flacons and boxes come in a bright yellow, green and blue, with drawings of a sun, a cactus and a wave.Cactus Garden represents the contrast between the dry exterior and the wet interior of the cactus, with notes of matte tea, bergamot and lemongrass.The fragrances will be available as a 100 and 200 ml Eau de Parfum.",2019,N/A,N/A,N/A,"Lemongrass, Calabrian bergamot, Mate","citrus, fresh spicy, aromatic, herbal",Jacques Cavallier Belletrud,https://fimgs.net/mdimg/perfume-thumbs/375x500.53946.jpg,for women and men,N/A,N/A,2026-06-09 09:56:51,Fragrantica
https://www.fragrantica.com/perfume/Louis-Vuitton/California-Dream-60388.html,California Dream Louis Vuittonfor women and men,Louis Vuitton,4.15,1460,"California DreambyLouis Vuittonis a Citrus fragrance for women and men.California Dreamwas launched in 2020. The nose behind this fragrance is Jacques Cavallier Belletrud. The fragrance features Mandarin Orange, Musk, Pear, Ambrette (Musk Mallow) and Benzoin.Les Colognes Louis Vuitton is a line in the Les Parfums Louis Vuitton Collection that contains fresh cologne-like scents but in EDP concentration, inspired by L.A. and a sense of freedom.California Dream, with citrusy and warm oriental notes captures the sunset in a bottle, the sky above LA and the mood of this city. It contains notes of mandarin, pear, musk as well as ambrette seed and benzoin. The perfumer's idea was to contrast the explosive freshness with the softer notes, as the warmth surrounding the cool tones.The colors of the bottle and the packaging are designed by LA artist Alex Israel under the name ""Sky Backdrop"". The fragrance is available as a 100 and a200 ml Eau de Parfum.",2020,N/A,N/A,N/A,"Mandarin Orange, Musk, Pear, Ambrette (Musk Mallow), Benzoin","citrus, musky, fruity, sweet",Jacques Cavallier Belletrud,https://fimgs.net/mdimg/perfume-thumbs/375x500.60388.jpg,for women and men,N/A,N/A,2026-06-09 09:57:02,Fragrantica
https://www.fragrantica.com/perfume/Louis-Vuitton/City-Of-Stars-73344.html,City Of Stars Louis Vuittonfor women and men,Louis Vuitton,4.31,2028,"City Of StarsbyLouis Vuittonis a Citrus Aromatic fragrance for women and men.City Of Starswas launched in 2022. The nose behind this fragrance is Jacques Cavallier Belletrud. Top notes are Lime, Blood Orange, Blood Mandarin, Lemon and Bergamot; middle note is Tiare Flower; base notes are Powdery Notes, Musk and Sandalwood.",2022,"Lime, Blood Orange, Blood Mandarin, Lemon, Bergamot",Tiare Flower,"Powdery Notes, Musk, Sandalwood",N/A,"citrus, powdery, white floral, musky",Jacques Cavallier Belletrud,https://fimgs.net/mdimg/perfume-thumbs/375x500.73344.jpg,for women and men,N/A,N/A,2026-06-09 09:57:16,Fragrantica
https://www.fragrantica.com/perfume/Louis-Vuitton/Coeur-Battant-57129.html,Cœur Battant Louis Vuittonfor women,Louis Vuitton,4.1,655,"Cœur BattantbyLouis Vuittonis a Chypre Floral fragrance for women.Cœur Battantwas launched in 2019. The nose behind this fragrance is Jacques Cavallier Belletrud. Top notes are Pear, Cascalone and Ambrette (Musk Mallow); middle notes are Egyptian Jasmine, Narcissus and Ylang-Ylang; base notes are Moss and Patchouli.",2019,"Pear, Cascalone, Ambrette (Musk Mallow)","Egyptian Jasmine, Narcissus, Ylang-Ylang","Moss, Patchouli",N/A,"yellow floral, white floral, sweet, fruity",Jacques Cavallier Belletrud,https://fimgs.net/mdimg/perfume-thumbs/375x500.57129.jpg,for women,N/A,N/A,2026-06-09 09:57:25,Fragrantica
https://www.fragrantica.com/perfume/Louis-Vuitton/Contre-Moi-40501.html,Contre Moi Louis Vuittonfor women,Louis Vuitton,4.15,620,"Contre MoibyLouis Vuittonis a Oriental Floral fragrance for women.Contre Moiwas launched in 2016. The nose behind this fragrance is Jacques Cavallier Belletrud. Top notes are Lemon, Bergamot and Herbal Notes; middle notes are Magnolia, Orange Blossom, Pear and Rose; base notes are Tahitian Vanilla, Madagascar Vanilla, Cacao and Ambrette (Musk Mallow).The long-awaited perfume from the luxury French fashion brand Louis Vuitton arrives in September 2016. The creation process took over four years, including establishing the creative atelier Les Fontains Parfumées in Grasse with Jacques Cavallier Belletrud in the position of in-house perfumer. The license belongs to the LVMH company. Les Parfums Louis Vuitton transmit journeys of emotions and aromatic adventures.Seven luxurious fragrances are presented in the collection: Rose des Vents, Matière Noire, Mille Feux, Apogée, Turbulences, Dans la Peau and Contre Moi.The fragrances are feminine and floral, with names that aim to highlight the emotional narrative rather than the ingredients.""From the airiness of Rose des Vents to the intoxicating Turbulences, the ecstasy of a first night with Dans la Peau to the mindful immersion in nature with Apogée; from the self-revealing Contre Moi to an exploration of a darker side with Matière Noire and the explosion of the senses with Mille Feux… Les parfums Louis Vuitton describe a journey of the emotions.""Contre Moi is an oriental scent of vanilla, orange blossom, herbs, rose and magnolia.The face of the campaign is French actress Léa Seydoux.The bottles are designed by Marc Newson, made of heavy glass to look like minimalist versions of apothecary vials with metal caps featuring the LV emblem. The price of each bottle is $240.The fragrances are available in 100 and 200 ml Eau de Parfum, with additional travel spray set of four x 7.5 ml and a limited edition set of all seven miniatures x 10 ml.",2016,"Lemon, Bergamot, Herbal Notes","Magnolia, Orange Blossom, Pear, Rose","Tahitian Vanilla, Madagascar Vanilla, Cacao, Ambrette (Musk Mallow)",N/A,"vanilla, citrus, floral, sweet",Jacques Cavallier Belletrud,https://fimgs.net/mdimg/perfume-thumbs/375x500.40501.jpg,for women,N/A,N/A,2026-06-09 09:57:34,Fragrantica
https://www.fragrantica.com/perfume/Louis-Vuitton/Dans-la-Peau-40500.html,Dans la Peau Louis Vuittonfor women,Louis Vuitton,4.26,440,"Dans la PeaubyLouis Vuittonis a Leather fragrance for women.Dans la Peauwas launched in 2016. The nose behind this fragrance is Jacques Cavallier Belletrud. Top notes are Apricot and Water Notes; middle notes are Narcissus, Magnolia and Jasmine; base notes are Leather and Musk.The long-awaited perfume from the luxury French fashion brand Louis Vuitton arrives in September 2016. The creation process took over four years, including establishing the creative atelier Les Fontains Parfumées in Grasse with Jacques Cavallier Belletrud in the position of in-house perfumer. The license belongs to the LVMH company. Les Parfums Louis Vuitton transmit journeys of emotions and aromatic adventures.Seven luxurious fragrances are presented in the collection: Rose des Vents, Matière Noire, Mille Feux, Apogée, Turbulences, Dans la Peau and Contre Moi.The fragrances are feminine and floral, with names that aim to highlight the emotional narrative rather than the ingredients.""From the airiness of Rose des Vents to the intoxicating Turbulences, the ecstasy of a first night with Dans la Peau to the mindful immersion in nature with Apogée; from the self-revealing Contre Moi to an exploration of a darker side with Matière Noire and the explosion of the senses with Mille Feux… Les parfums Louis Vuitton describe a journey of the emotions.""Dans la Peau is made of leather, musk and floral notes such as , jasmine, daffodil and magnolia.The face of the campaign is French actress Léa Seydoux.The bottles are designed by Marc Newson, made of heavy glass to look like minimalist versions of apothecary vials with metal caps featuring the LV emblem. The price of each bottle is $240.The fragrances are available in 100 and 200 ml Eau de Parfum, with additional travel spray set of four x 7.5 ml and a limited edition set of all seven miniatures x 10 ml.",2016,"Apricot, Water Notes","Narcissus, Magnolia, Jasmine","Leather, Musk",N/A,"leather, floral, yellow floral, fruity",Jacques Cavallier Belletrud,https://fimgs.net/mdimg/perfume-thumbs/375x500.40500.jpg,for women,N/A,N/A,2026-06-09 09:57:44,Fragrantica
https://www.fragrantica.com/perfume/Louis-Vuitton/eLVes-104087.html,eLVes Louis Vuittonfor women,Louis Vuitton,4.0,530,"eLVesbyLouis Vuittonis a Oriental Floral fragrance for women. This is a new fragrance.eLVeswas launched in 2025. The nose behind this fragrance is Jacques Cavallier Belletrud. Top notes are Peach, Black Currant, Ginger and Cinnamon; middle notes are Bulgarian Rose, Rose, Coconut Milk, Lily-of-the-Valley and Violet; base notes are Ambroxan and Patchouli.",2025,"Peach, Black Currant, Ginger, Cinnamon","Bulgarian Rose, Rose, Coconut Milk, Lily-of-the-Valley, Violet","Ambroxan, Patchouli",N/A,"fruity, rose, coconut, sweet",Jacques Cavallier Belletrud,https://fimgs.net/mdimg/perfume-thumbs/375x500.104087.jpg,for women,N/A,N/A,2026-06-09 09:57:57,Fragrantica
https://www.fragrantica.com/perfume/Louis-Vuitton/Etoile-Filante-64314.html,Étoile Filante Louis Vuittonfor women,Louis Vuitton,3.9,400,"Étoile FilantebyLouis Vuittonis a Floral Fruity fragrance for women.Étoile Filantewas launched in 2021. The nose behind this fragrance is Jacques Cavallier Belletrud. Top note is Strawberry; middle notes are Osmanthus, Magnolia and Jasmine; base note is White Musk.Les Parfums Louis Vuitton reveals the new fragrance Étoile Filante in early 2021, composed in Grasse by master perfumer Jacques Cavallier Belletrud. Étoile Filante means ""shooting star"", and the fragrance is said to stand for a precious nectar celebrating joy and hope, a journey for the senses, housed in the signature bottle of fragrances of the house.""A ball of fire in the heart of night, the shooting star shines bright in the heavenly vault.Its odyssey through the infinite culminates in a furious race, illuminating a nightas black as ink and tracing out a radiant future — one that brings people together.A dancing star that dazzles; a metaphor for a borderless journey that connectsone with oneself as much as others.""A shooting star that signifies joy and happiness is chosen as a symbol of hope and the realization of dreams. To evoke that dash of joy, turn it into a perfume and allow it to radiate on the skin, Jacques Cavallier Belletrud chose osmanthus, the flower prized in the Far East, which the perfumer has adored since childhood.Top notes: strawberryHeart: osmanthus, magnolia, jasmineBase: white muskLouis Vuitton Étoile Filante is available as a 100 and a 200 ml Eau de Parfum, as well as a special travel package of 4 x 7.5 ml.",2021,Strawberry,"Osmanthus, Magnolia, Jasmine",White Musk,N/A,"fruity, floral, sweet, white floral",Jacques Cavallier Belletrud,https://fimgs.net/mdimg/perfume-thumbs/375x500.64314.jpg,for women,N/A,N/A,2026-06-09 09:58:10,Fragrantica
https://www.fragrantica.com/perfume/Louis-Vuitton/Fleur-du-Desert-73006.html,Fleur du Désert Louis Vuittonfor women and men,Louis Vuitton,4.34,1043,"Fleur du DésertbyLouis Vuittonis a Oriental Floral fragrance for women and men.Fleur du Désertwas launched in 2022. The nose behind this fragrance is Jacques Cavallier Belletrud. Top notes are Honey and Cinnamon; middle notes are Jasmine, Orange Blossom and Rose; base notes are Agarwood (Oud), Ambroxan and Ambrette (Musk Mallow).Louis Vuitton launches Fleur du Désert fragrance for Ramadan 2022. The fragrance is an homage to Middle Eastern olfactory heritage. Perfumer Jacques Cavallier Belletrud included three flowers (jasmine, orange blossom, and rose) used in Middle Eastern perfumery.Louis Vuitton Fleur du Désert is available as a 100 and 200 ml Eau de Parfum. It can be worn alone or layered with others from the collection.",2022,"Honey, Cinnamon","Jasmine, Orange Blossom, Rose","Agarwood (Oud), Ambroxan, Ambrette (Musk Mallow)",N/A,"white floral, rose, oud, amber",Jacques Cavallier Belletrud,https://fimgs.net/mdimg/perfume-thumbs/375x500.73006.jpg,for women and men,N/A,N/A,2026-06-09 09:58:22,Fragrantica
https://www.fragrantica.com/perfume/Louis-Vuitton/Heures-d-Absence-59485.html,Heures d'Absence Louis Vuittonfor women,Louis Vuitton,4.24,593,"Heures d'AbsencebyLouis Vuittonis a Floral Woody Musk fragrance for women.Heures d'Absencewas launched in 2020. The nose behind this fragrance is Jacques Cavallier Belletrud. Top notes are Jasmine Sambac and May Rose; middle notes are Mimosa, Pitosporum and Raspberry; base notes are Musk, Vanilla and Sandalwood.",2020,"Jasmine Sambac, May Rose","Mimosa, Pitosporum, Raspberry","Musk, Vanilla, Sandalwood",N/A,"white floral, sweet, powdery, rose",Jacques Cavallier Belletrud,https://fimgs.net/mdimg/perfume-thumbs/375x500.59485.jpg,for women,N/A,N/A,2026-06-09 09:58:34,Fragrantica
https://www.fragrantica.com/perfume/Louis-Vuitton/Imagination-67370.html,Imagination Louis Vuittonfor men,Louis Vuitton,4.55,11943,"ImaginationbyLouis Vuittonis a Citrus Aromatic fragrance for men.Imaginationwas launched in 2021. The nose behind this fragrance is Jacques Cavallier Belletrud. Top notes are Citron, Calabrian bergamot and Sicilian Orange; middle notes are Tunisian Neroli, Nigerian Ginger and Ceylon Cinnamon; base notes are Chinese Black Tea, Ambroxan, Guaiac Wood and Olibanum.",2021,"Citron, Calabrian bergamot, Sicilian Orange","Tunisian Neroli, Nigerian Ginger, Ceylon Cinnamon","Chinese Black Tea, Ambroxan, Guaiac Wood, Olibanum",N/A,"citrus, fresh spicy, fresh, green",Jacques Cavallier Belletrud,https://fimgs.net/mdimg/perfume-thumbs/375x500.67370.jpg,for men,N/A,N/A,2026-06-09 09:58:46,Fragrantica
https://www.fragrantica.com/perfume/Louis-Vuitton/L-Immensite-49751.html,L’Immensité  Louis Vuittonfor men,Louis Vuitton,4.38,4519,"L’ImmensitébyLouis Vuittonis a Oriental Spicy fragrance for men.L’Immensitéwas launched in 2018. The nose behind this fragrance is Jacques Cavallier Belletrud. Top notes are Grapefruit, Bergamot and Ginger; middle notes are Rosemary, Sage, Geranium and Water Notes; base notes are Ambroxan, Amber and Labdanum.",2018,"Grapefruit, Bergamot, Ginger","Rosemary, Sage, Geranium, Water Notes","Ambroxan, Amber, Labdanum",N/A,"fresh spicy, aromatic, citrus, amber",Jacques Cavallier Belletrud,https://fimgs.net/mdimg/perfume-thumbs/375x500.49751.jpg,for men,N/A,N/A,2026-06-09 09:58:58,Fragrantica
https://www.fragrantica.com/perfume/Louis-Vuitton/Le-Jour-se-Leve-48305.html,Le Jour se Lève Louis Vuittonfor women,Louis Vuitton,4.23,571,"Le Jour se LèvebyLouis Vuittonis a Floral Fruity fragrance for women.Le Jour se Lèvewas launched in 2018. The nose behind this fragrance is Jacques Cavallier Belletrud. Top notes are Grapefruit, Mandarin Orange, Orange, Bergamot and Black Currant; middle notes are Jasmine Sambac, Lily-of-the-Valley, Green Notes, Osmanthus, Magnolia, Peony and Rose; base notes are White Musk, Iso E Super, Vanillin and Vanilla.Le Jour Se Lève is a citrusy, floral and musky fragrance that represents an olfactory voyage, celebrating the first rays of the sun with a what is described as refreshing and radiant composition. To convey this bright optimism, Jacques Cavallier chose one of his favorite ingredients: mandarin.  Jasmine Sambac, bergamot, magnolia petals, osmanthus, blackcurrant and musk are among the other notes.Louis Vuitton Le Jour Se Lève will be available as a 100 and 200 ml Eau de Parfum, and in a set of travel sprays (4 x 7.5 ml).",2018,"Grapefruit, Mandarin Orange, Orange, Bergamot, Black Currant","Jasmine Sambac, Lily-of-the-Valley, Green Notes, Osmanthus, Magnolia, Peony, Rose","White Musk, Iso E Super, Vanillin, Vanilla",N/A,"citrus, fresh spicy, aromatic, green",Jacques Cavallier Belletrud,https://fimgs.net/mdimg/perfume-thumbs/375x500.48305.jpg,for women,N/A,N/A,2026-06-09 09:59:11,Fragrantica
https://www.fragrantica.com/perfume/Louis-Vuitton/Les-Sables-Roses-55040.html,Les Sables Roses Louis Vuittonfor women and men,Louis Vuitton,4.42,1905,"Les Sables RosesbyLouis Vuittonis a Oriental Floral fragrance for women and men.Les Sables Roseswas launched in 2019. The nose behind this fragrance is Jacques Cavallier Belletrud. The fragrance features Rose, Bulgarian Rose, Agarwood (Oud), Ambergris, Saffron and Black Pepper.Following Ombre Nomade, the house of Louis Vuitton presents the new exclusive edition from the Les Parfums Louis Vuitton line inspired by the Middle East - Les Sables Rose.""A timeless fragrance trail of rose and oud wood to taste the infinite desert. The desert possesses a singular magic that captivates travelers. At dawn, the sun’s first rays blend the dunes and the sky, night and day, and the earth and clouds into a majestic pink. Fascinated by the harmony that springs from contrasts, the Master Perfumer Jacques Cavallier Belletrud has composed a hot and cold perfume playing with two exceptional qualities of rose and oud. Its simple, limpid script underscores the natural beauty and richness of two of perfumery’s most legendary ingredients. The freshness of rose and the woody depths of oud exalt one another, borne aloft by a warm swirl of ambergris.""Louis Vuitton Les Sables Roses is available as a 100 and 200 ml Eau de Parfum.",2019,N/A,N/A,N/A,"Rose, Bulgarian Rose, Agarwood (Oud), Ambergris, Saffron, Black Pepper","rose, oud, amber, warm spicy",Jacques Cavallier Belletrud,https://fimgs.net/mdimg/perfume-thumbs/375x500.55040.jpg,for women and men,N/A,N/A,2026-06-09 09:59:22,Fragrantica
https://www.fragrantica.com/perfume/Louis-Vuitton/LV-Lovers-93785.html,LV Lovers Louis Vuittonfor men,Louis Vuitton,4.07,1376,"LV LoversbyLouis Vuittonis a Woody Aromatic fragrance for men.LV Loverswas launched in 2024. LV Lovers was created by Jacques Cavallier Belletrud and Camille Cavallier. Top notes are Galbanum and Bergamot; middle notes are Ginger and Solar Notes; base notes are Sandalwood and Cedarwood.LV Lovers by Louis Vuitton is a fragrance that embodies the metaphorical yet nostalgic scent of the sun. Created in collaboration with Pharrell Williams and Master Perfumer Jacques Cavallier-Belletrud, this scent symbolizes possibility and uplifting energy. It features notes of galbanum and ginger, capturing the essence of sunlight and the warmth it brings.Available in 100 ml Eau de Parfum.",2024,"Galbanum, Bergamot","Ginger, Solar Notes","Sandalwood, Cedarwood",N/A,"woody, green, aromatic, powdery",N/A,https://fimgs.net/mdimg/perfume-thumbs/375x500.93785.jpg,for men,N/A,N/A,2026-06-09 09:59:36,Fragrantica
https://www.fragrantica.com/perfume/Louis-Vuitton/LV-x-TM-Spell-On-You-107114.html,LV x TM Spell On You Louis Vuittonfor women,Louis Vuitton,4.93,156,"LV x TM Spell On YoubyLouis Vuittonis a Floral fragrance for women. This is a new fragrance.LV x TM Spell On Youwas launched in 2025. The nose behind this fragrance is Jacques Cavallier Belletrud. Top notes are Tuscan Iris, Violet and Green Notes; middle notes are Tuscan Iris, Chinese Jasmine and Rose; base notes are Acácia, Peach and White Musk.LV x TM Spell On You is a special re-edition of the Spell On You fragrance, created for the Louis Vuitton x Takashi Murakami collection. The scent is characterized by a romantic and ultra-feminine profile, with a focus on a magnetic duo of iris and rose. The bottle and packaging feature a cherry motif inspired by Murakami's art, symbolizing happiness and ephemeral beauty.",2025,"Tuscan Iris, Violet, Green Notes","Tuscan Iris, Chinese Jasmine, Rose","Acácia, Peach, White Musk",N/A,"powdery, floral, violet, iris",Jacques Cavallier Belletrud,https://fimgs.net/mdimg/perfume-thumbs/375x500.107114.jpg,for women,N/A,N/A,2026-06-09 09:59:44,Fragrantica
https://www.fragrantica.com/perfume/Louis-Vuitton/LV-x-TM-Spell-On-You-V-2-107115.html,LV x TM Spell On You V.2 Louis Vuittonfor women,Louis Vuitton,4.91,163,"LV x TM Spell On You V.2byLouis Vuittonis a Floral fragrance for women. This is a new fragrance.LV x TM Spell On You V.2was launched in 2025. The nose behind this fragrance is Jacques Cavallier Belletrud. Top notes are Tuscan Iris, Violet and Green Notes; middle notes are Tuscan Iris, Chinese Jasmine and Rose; base notes are Acácia, Peach and White Musk.Spell On You is a floral fragrance from Louis Vuitton, presented in a special edition as part of the collaboration with artist Takashi Murakami. This version features vibrant Cherry Blossom motifs on both the bottle and packaging. Created by Master Perfumer Jacques Cavallier, the scent centers on a blend of iris and rose, aiming to evoke a romantic and playful character.",2025,"Tuscan Iris, Violet, Green Notes","Tuscan Iris, Chinese Jasmine, Rose","Acácia, Peach, White Musk",N/A,"powdery, floral, violet, iris",Jacques Cavallier Belletrud,https://fimgs.net/mdimg/perfume-thumbs/375x500.107115.jpg,for women,N/A,N/A,2026-06-09 09:59:53,Fragrantica
https://www.fragrantica.com/perfume/Louis-Vuitton/LVERS-Copper-Edition-108426.html,LVERS Copper Edition Louis Vuittonfor men,Louis Vuitton,2.08,26,"LVERS Copper EditionbyLouis Vuittonis a Woody Chypre fragrance for men. This is a new fragrance.LVERS Copper Editionwas launched in 2025. Top notes are Galbanum and Bergamot; middle note is Ginger; base notes are Sandalwood and Cedarwood.LVERS Copper Edition by Louis Vuitton is a limited edition fragrance created to mark the first anniversary of the original LVERS release. The perfume draws inspiration from the brand's historical use of copper in the 19th century to line explorers’ trunks, referencing the maison’s heritage and craftsmanship. Each bottle is hand-crafted near Florence and the fragrance is characterized by a woody and green composition, featuring notes of bergamot, galbanum, ginger, sandalwood, and cedarwood.",2025,"Galbanum, Bergamot",Ginger,"Sandalwood, Cedarwood",N/A,"woody, green, powdery, aromatic",N/A,https://fimgs.net/mdimg/perfume-thumbs/375x500.108426.jpg,for men,N/A,N/A,2026-06-09 10:00:04,Fragrantica
https://www.fragrantica.com/perfume/Louis-Vuitton/Matiere-Noire-40496.html,Matière Noire Louis Vuittonfor women,Louis Vuitton,4.12,845,"Matière NoirebyLouis Vuittonis a Oriental Woody fragrance for women.Matière Noirewas launched in 2016. The nose behind this fragrance is Jacques Cavallier Belletrud. Top notes are Blackcurrant Syrup and Watery Notes; middle notes are Rose, Cyclamen, Narcissus and Jasmine Sambac; base notes are Agarwood (Oud), Benzoin, Patchouli and Incense.The long-awaited perfume from the luxury French fashion brand Louis Vuitton arrives in September 2016. The creation process took over four years, including establishing the creative atelier Les Fontains Parfumées in Grasse with Jacques Cavallier Belletrud in the position of in-house perfumer. The license belongs to the LVMH company. Les Parfums Louis Vuitton transmit journeys of emotions and aromatic adventures.Seven luxurious fragrances are presented in the collection: Rose des Vents, Matière Noire, Mille Feux, Apogée, Turbulences, Dans la Peau and Contre Moi.The fragrances are feminine and floral, with names that aim to highlight the emotional narrative rather than the ingredients.""From the airiness of Rose des Vents to the intoxicating Turbulences, the ecstasy of a first night with Dans la Peau to the mindful immersion in nature with Apogée; from the self-revealing Contre Moi to an exploration of a darker side with Matière Noire and the explosion of the senses with Mille Feux… Les parfums Louis Vuitton describe a journey of the emotions.""Matière Noire is the scent of contrasts, which consists of airy cyclamen, narcissus, jasmine, blackcurrant, patchouli and oud.The face of the campaign is French actress Léa Seydoux.The bottles are designed by Marc Newson, made of heavy glass to look like minimalist versions of apothecary vials with metal caps featuring the LV emblem. The price of each bottle is $240. The fragrances are available in 100 and 200 ml Eau de Parfum, with additional travel spray set of four x 7.5 ml and a limited edition set of all seven miniatures x 10 ml.",2016,"Blackcurrant Syrup, Watery Notes","Rose, Cyclamen, Narcissus, Jasmine Sambac","Agarwood (Oud), Benzoin, Patchouli, Incense",N/A,"floral, rose, oud, fruity",Jacques Cavallier Belletrud,https://fimgs.net/mdimg/perfume-thumbs/375x500.40496.jpg,for women,N/A,N/A,2026-06-09 10:00:15,Fragrantica
https://www.fragrantica.com/perfume/Louis-Vuitton/Meteore-62251.html,Météore Louis Vuittonfor men,Louis Vuitton,4.26,2708,"MétéorebyLouis Vuittonis a Citrus Aromatic fragrance for men.Météorewas launched in 2020. The nose behind this fragrance is Jacques Cavallier Belletrud. Top notes are Mandarin Orange, Sicilian Orange and Calabrian bergamot; middle notes are Tunisian Neroli, Indonesian Nutmeg, Pink Pepper, Pepper and Guatemalan Cardamom; base note is Java vetiver oil.",2020,"Mandarin Orange, Sicilian Orange, Calabrian bergamot","Tunisian Neroli, Indonesian Nutmeg, Pink Pepper, Pepper, Guatemalan Cardamom",Java vetiver oil,N/A,"citrus, fresh spicy, sweet, aromatic",Jacques Cavallier Belletrud,https://fimgs.net/mdimg/perfume-thumbs/375x500.62251.jpg,for men,N/A,N/A,2026-06-09 10:00:24,Fragrantica
https://www.fragrantica.com/perfume/Louis-Vuitton/Mille-Feux-40497.html,Mille Feux Louis Vuittonfor women,Louis Vuitton,4.09,479,"Mille FeuxbyLouis Vuittonis a Leather fragrance for women.Mille Feuxwas launched in 2016. The nose behind this fragrance is Jacques Cavallier Belletrud. Top notes are Raspberry and Bergamot; middle notes are Rose, Saffron, Osmanthus, Iris and Jasmine; base notes are Leather, Orris Root, Moss, Sandalwood and Patchouli.The long-awaited perfume from the luxury French fashion brand Louis Vuitton arrives in September 2016. The creation process took over four years, including establishing the creative atelier Les Fontains Parfumées in Grasse with Jacques Cavallier Belletrud in the position of in-house perfumer. The license belongs to the LVMH company. Les Parfums Louis Vuitton transmit journeys of emotions and aromatic adventures.Seven luxurious fragrances are presented in the collection: Rose des Vents, Matière Noire, Mille Feux, Apogée, Turbulences, Dans la Peau and Contre Moi.The fragrances are feminine and floral, with names that aim to highlight the emotional narrative rather than the ingredients.""From the airiness of Rose des Vents to the intoxicating Turbulences, the ecstasy of a first night with Dans la Peau to the mindful immersion in nature with Apogée; from the self-revealing Contre Moi to an exploration of a darker side with Matière Noire and the explosion of the senses with Mille Feux… Les parfums Louis Vuitton describe a journey of the emotions.""Mille Feux is the scent of signature leather with raspberry and osmanthus.The face of the campaign is French actress Léa Seydoux.The bottles are designed by Marc Newson, made of heavy glass to look like minimalist versions of apothecary vials with metal caps featuring the LV emblem. The price of each bottle is $240. The fragrances are available in 100 and 200 ml Eau de Parfum, with additional travel spray set of four x 7.5 ml and a limited edition set of all seven miniatures x 10 ml.",2016,"Raspberry, Bergamot","Rose, Saffron, Osmanthus, Iris, Jasmine","Leather, Orris Root, Moss, Sandalwood, Patchouli",N/A,"fruity, leather, rose, floral",Jacques Cavallier Belletrud,https://fimgs.net/mdimg/perfume-thumbs/375x500.40497.jpg,for women,N/A,N/A,2026-06-09 10:00:32,Fragrantica
https://www.fragrantica.com/perfume/Louis-Vuitton/Monogram-Attrape-Reves-122038.html,Monogram Attrape-Rêves Louis Vuittonfor women,Louis Vuitton,4.88,73,"Monogram Attrape-RêvesbyLouis Vuittonis a Floral Fruity Gourmand fragrance for women. This is a new fragrance.Monogram Attrape-Rêveswas launched in 2026. The nose behind this fragrance is Jacques Cavallier Belletrud. Top note is Litchi; middle notes are Peony and Cocoa; base note is Patchouli.Monogram Attrape-Rêves by Louis Vuitton is a limited-edition presentation of the house’s Attrape-Rêves fragrance, created to mark 130 years of the Louis Vuitton Monogram. The scent retains the original composition by Jacques Cavallier Belletrud, built around contrasts where an airy peony accord is combined with a gourmand touch of raw cocoa powder, brightened by fresh, sparkling litchi and grounded with a refined patchouli heart. This edition is distinguished primarily by its special bottle and packaging, which feature archival Monogram motifs in vibrant tones to echo the fragrance’s lively character.",2026,Litchi,"Peony, Cocoa",Patchouli,N/A,"fresh, floral, fruity, tropical",Jacques Cavallier Belletrud,https://fimgs.net/mdimg/perfume-thumbs/375x500.122038.jpg,for women,N/A,N/A,2026-06-09 10:00:41,Fragrantica
https://www.fragrantica.com/perfume/Louis-Vuitton/Monogram-eLVes-122132.html,Monogram eLVes Louis Vuittonfor women,Louis Vuitton,4.73,70,"Monogram eLVesbyLouis Vuittonis a Floral Fruity fragrance for women. This is a new fragrance.Monogram eLVeswas launched in 2026. The nose behind this fragrance is Jacques Cavallier Belletrud. Top notes are Peach, Black Currant, Ginger and Cinnamon; middle notes are Fruity Notes, Rose, Coconut Milk and Lily of the Valley; base notes are Ambroxan and Patchouli.Monogram eLVes by Louis Vuitton is described as a contemporary floral fragrance created by Master Perfumer Jacques Cavallier Belletrud. Conceived as a tribute to the women associated with the house and to 130 years of the Louis Vuitton monogram motif, it presents the brand’s archival signature scent in a limited-edition presentation with coordinated bottle and packaging, which can be refilled in selected Louis Vuitton stores. The composition centers on rose centifolia extracted with carbon dioxide, supported by lily of the valley and unspecified fruity notes that lend a brighter, more playful nuance to the floral heart. In the base, ambroxan and a touch of patchouli introduce a modern, warm and slightly mineral-woody facet, creating a contrast between airy florals and deeper, more resonant tones. The fragrance is positioned as a feminine scent with broad, contemporary appeal.",2026,"Peach, Black Currant, Ginger, Cinnamon","Fruity Notes, Rose, Coconut Milk, Lily of the Valley","Ambroxan, Patchouli",N/A,"fruity, sweet, rose, coconut",Jacques Cavallier Belletrud,https://fimgs.net/mdimg/perfume-thumbs/375x500.122132.jpg,for women,N/A,N/A,2026-06-09 10:00:52,Fragrantica
https://www.fragrantica.com/perfume/Louis-Vuitton/Monogram-Imagination-122037.html,Monogram Imagination Louis Vuittonfor men,Louis Vuitton,4.72,167,"Monogram ImaginationbyLouis Vuittonis a Citrus Aromatic fragrance for men. This is a new fragrance.Monogram Imaginationwas launched in 2026. The nose behind this fragrance is Jacques Cavallier Belletrud. Top notes are Citruses and Bergamot; middle notes are Neroli and Spices; base notes are Chinese Black Tea, Ambroxan and Amber.Monogram Imagination by Louis Vuitton is a limited collector's edition of the men's fragrance Imagination, created to mark the 130th anniversary of the house's Monogram motif. The composition, signed by Master Perfumer Jacques Cavallier Belletrud, is built around an exceptionally high dose of Ambroxan and a modern interpretation of an amber accord, contrasted with luminous citrus notes. Chinese black tea obtained by carbon dioxide extraction adds an aromatic, slightly smoky nuance that reinforces the travel-inspired character of the scent.While the fragrance itself follows the structure of the original Imagination, this edition is distinguished by its specially designed, signed bottle and coordinated packaging that revisit classic Louis Vuitton signatures in contemporary tones.",2026,"Citruses, Bergamot","Neroli, Spices","Chinese Black Tea, Ambroxan, Amber",N/A,"citrus, fresh, fresh spicy, green",Jacques Cavallier Belletrud,https://fimgs.net/mdimg/perfume-thumbs/375x500.122037.jpg,for men,N/A,N/A,2026-06-09 10:01:00,Fragrantica
https://www.fragrantica.com/perfume/Louis-Vuitton/Nouveau-Monde-49753.html,Nouveau Monde Louis Vuittonfor men,Louis Vuitton,4.22,1482,"Nouveau MondebyLouis Vuittonis a Oriental fragrance for men.Nouveau Mondewas launched in 2018. The nose behind this fragrance is Jacques Cavallier Belletrud. The fragrance features Agarwood (Oud), Leather, Cacao, Rose, Saffron, Caramel, Vanilla, Amberwood, Olibanum, Patchouli and Black Currant.",2018,N/A,N/A,N/A,"Agarwood (Oud), Leather, Cacao, Rose, Saffron, Caramel, Vanilla, Amberwood, Olibanum, Patchouli, Black Currant","warm spicy, leather, oud, cacao",Jacques Cavallier Belletrud,https://fimgs.net/mdimg/perfume-thumbs/375x500.49753.jpg,for men,N/A,N/A,2026-06-09 10:01:11,Fragrantica
https://www.fragrantica.com/perfume/Louis-Vuitton/Nuit-de-Feu-60031.html,Nuit de Feu  Louis Vuittonfor women and men,Louis Vuitton,4.03,902,"Nuit de FeubyLouis Vuittonis a Oriental Woody fragrance for women and men.Nuit de Feuwas launched in 2020. The nose behind this fragrance is Jacques Cavallier Belletrud. The fragrance features Incense, Agarwood (Oud), Leather, Olibanum and Musk.",2020,N/A,N/A,N/A,"Incense, Agarwood (Oud), Leather, Olibanum, Musk","amber, smoky, oud, leather",Jacques Cavallier Belletrud,https://fimgs.net/mdimg/perfume-thumbs/375x500.60031.jpg,for women and men,N/A,N/A,2026-06-09 10:01:20,Fragrantica
https://www.fragrantica.com/perfume/Louis-Vuitton/Ombre-Nomade-49755.html,Ombre Nomade Louis Vuittonfor women and men,Louis Vuitton,4.26,6675,"Ombre NomadebyLouis Vuittonis a Oriental Woody fragrance for women and men.Ombre Nomadewas launched in 2018. The nose behind this fragrance is Jacques Cavallier Belletrud. The fragrance features Agarwood (Oud), Rose, Incense, Raspberry, Saffron, Amberwood, Benzoin, Birch and Geranium.",2018,N/A,N/A,N/A,"Agarwood (Oud), Rose, Incense, Raspberry, Saffron, Amberwood, Benzoin, Birch, Geranium","amber, warm spicy, oud, smoky",Jacques Cavallier Belletrud,https://fimgs.net/mdimg/perfume-thumbs/375x500.49755.jpg,for women and men,N/A,N/A,2026-06-09 10:01:30,Fragrantica
https://www.fragrantica.com/perfume/Louis-Vuitton/On-The-Beach-66060.html,On The Beach Louis Vuittonfor women and men,Louis Vuitton,4.29,1212,"On The BeachbyLouis Vuittonis a Citrus Aromatic fragrance for women and men.On The Beachwas launched in 2021. The nose behind this fragrance is Jacques Cavallier Belletrud. Top notes are Yuzu and Neroli; middle notes are Rosemary, Thyme, Sand, Cloves and Pink Pepper; base note is Cypress.",2021,"Yuzu, Neroli","Rosemary, Thyme, Sand, Cloves, Pink Pepper",Cypress,N/A,"aromatic, fresh spicy, woody, citrus",Jacques Cavallier Belletrud,https://fimgs.net/mdimg/perfume-thumbs/375x500.66060.jpg,for women and men,N/A,N/A,2026-06-09 10:01:42,Fragrantica
https://www.fragrantica.com/perfume/Louis-Vuitton/Orage-49752.html,Orage Louis Vuittonfor men,Louis Vuitton,4.3,1410,"OragebyLouis Vuittonis a Woody fragrance for men.Oragewas launched in 2018. The nose behind this fragrance is Jacques Cavallier Belletrud. Top notes are Bergamot and Grapefruit; middle notes are Hedione, Iris and Pepper; base notes are Java vetiver oil, Patchouli, Iso E Super and White Musk.",2018,"Bergamot, Grapefruit","Hedione, Iris, Pepper","Java vetiver oil, Patchouli, Iso E Super, White Musk",N/A,"citrus, aromatic, fresh spicy, woody",Jacques Cavallier Belletrud,https://fimgs.net/mdimg/perfume-thumbs/375x500.49752.jpg,for men,N/A,N/A,2026-06-09 10:01:54,Fragrantica
https://www.fragrantica.com/perfume/Louis-Vuitton/Pacific-Chill-81423.html,Pacific Chill Louis Vuittonfor women and men,Louis Vuitton,4.46,6151,"Pacific ChillbyLouis Vuittonis a Aromatic Fruity fragrance for women and men.Pacific Chillwas launched in 2023. The nose behind this fragrance is Jacques Cavallier Belletrud. Top notes are Citron, Orange, Lemon, Mint, Black Currant and Coriander; middle notes are Apricot, Basil, Carrot Seeds and May Rose; base notes are Fig, Dates and Ambrette.",2023,"Citron, Orange, Lemon, Mint, Black Currant, Coriander","Apricot, Basil, Carrot Seeds, May Rose","Fig, Dates, Ambrette",N/A,"citrus, fresh spicy, aromatic, green",Jacques Cavallier Belletrud,https://fimgs.net/mdimg/perfume-thumbs/375x500.81423.jpg,for women and men,N/A,N/A,2026-06-09 10:02:05,Fragrantica
https://www.fragrantica.com/perfume/Louis-Vuitton/Pur-Ambre-90204.html,Pur Ambre Louis Vuittonfor women and men,Louis Vuitton,4.56,270,"Pur AmbrebyLouis Vuittonis a Oriental fragrance for women and men.Pur Ambrewas launched in 2024. The nose behind this fragrance is Jacques Cavallier Belletrud. The fragrance features Ambergris and Ambroxan.With Pure Perfumes, Louis Vuitton imagines a way of personalizing one's fragrance signature with a gesture of absolute refinement. Inspired by the tradition of layering several fragrances, these intense compositions can be used as a finishing touch to your perfume ritual. Woven from exceptional essences and concentrated to the extreme, they celebrate the raw beauty of legendary ingredients in perfumery.A traveling material by its very nature, ambergris has fascinated mankind since the dawn of time. Jacques Cavallier Belletrud pays tribute to the absolute sensuality of its scent by marrying an infusion of natural ambergris with the woody, musky, velvety vibrancy of Ambroxan. A scintillating burst of freshness gradually reveals a complex scent shimmering with animalic, woody and iodized facets. Endowed with an unparalleled power of attraction, Pur Ambre captures the utmost mystery of ambergris, captivatingly exuding seduction in successive waves.",2024,N/A,N/A,N/A,"Ambergris, Ambroxan","amber, animalic, musky, balsamic",Jacques Cavallier Belletrud,https://fimgs.net/mdimg/perfume-thumbs/375x500.90204.jpg,for women and men,N/A,N/A,2026-06-09 10:02:15,Fragrantica
https://www.fragrantica.com/perfume/Louis-Vuitton/Pur-Oud-66436.html,Pur Oud Louis Vuittonfor women and men,Louis Vuitton,3.72,509,"Pur OudbyLouis Vuittonis a Woody Spicy fragrance for women and men.Pur Oudwas launched in 2021. The nose behind this fragrance is Jacques Cavallier Belletrud. The fragrance features Agarwood (Oud), Ambrettolide and Helvetolide.",2021,N/A,N/A,N/A,"Agarwood (Oud), Ambrettolide, Helvetolide","oud, fresh spicy",Jacques Cavallier Belletrud,https://fimgs.net/mdimg/perfume-thumbs/375x500.66436.jpg,for women and men,N/A,N/A,2026-06-09 10:02:25,Fragrantica
https://www.fragrantica.com/perfume/Louis-Vuitton/Pur-Santal-90205.html,Pur Santal Louis Vuittonfor women and men,Louis Vuitton,4.6,235,"Pur SantalbyLouis Vuittonis a Woody Floral Musk fragrance for women and men.Pur Santalwas launched in 2024. The nose behind this fragrance is Jacques Cavallier Belletrud. The fragrance features Sandal and Musk.With Pure Perfumes, Louis Vuitton imagines a way of personalizing one's fragrance signature with a gesture of absolute refinement. Inspired by the tradition of layering several fragrances, these intense compositions can be used as a finishing touch to your perfume ritual. Woven from exceptional essences and concentrated to the extreme, they celebrate the raw beauty of legendary ingredients in perfumery.Sacred in many cultures, sandalwood is a key ingredient in the perfumer's palette: powerful yet delicate, its creamy, velvety scent can evoke that of the skin itself. Fascinated by its rare sophistication, Jacques Cavallier Belletrud elevates it majestically in Pur Santal, which combines an extraordinary Sri Lankan essence with two ethereal, musky floral notes endowed with exceptional diffusion. In their radiant presence, sandalwood reveals the incomparable elegance of its character.",2024,N/A,N/A,N/A,"Sandal, Musk","musky, powdery, woody, warm spicy",Jacques Cavallier Belletrud,https://fimgs.net/mdimg/perfume-thumbs/375x500.90205.jpg,for women and men,N/A,N/A,2026-06-09 10:02:34,Fragrantica
https://www.fragrantica.com/perfume/Louis-Vuitton/Rose-des-Vents-40495.html,Rose des Vents Louis Vuittonfor women,Louis Vuitton,3.99,771,"Rose des VentsbyLouis Vuittonis a Floral fragrance for women.Rose des Ventswas launched in 2016. The nose behind this fragrance is Jacques Cavallier Belletrud. Top notes are Peach, Green Notes and Black Currant; middle notes are May Rose, Rose, Turkish Rose and Iris; base notes are White Musk, Orris Root, Cedar, Violet Leaf and Pepper.The long-awaited perfume from the luxury French fashion brand Louis Vuitton arrives in September 2016. The creation process took over four years, including establishing the creative atelier Les Fontains Parfumées in Grasse with Jacques Cavallier Belletrud in the position of in-house perfumer. The license belongs to the LVMH company. Les Parfums Louis Vuitton transmit journeys of emotions and aromatic adventures.Seven luxurious fragrances are presented in the collection: Rose des Vents, Matière Noire, Mille Feux, Apogée, Turbulences, Dans la Peau and Contre Moi.The fragrances are feminine and floral, with names that aim to highlight the emotional narrative rather than the ingredients.""From the airiness of Rose des Vents to the intoxicating Turbulences, the ecstasy of a first night with Dans la Peau to the mindful immersion in nature with Apogée; from the self-revealing Contre Moi to an exploration of a darker side with Matière Noire and the explosion of the senses with Mille Feux… Les parfums Louis Vuitton describe a journey of the emotions.""Rose des Vents, a sparkling floral fragrance, contains May rose from Grasse, with two additional types of roses, iris, cedar and spices.The face of the campaign is French actress Léa Seydoux.The bottles are designed by Marc Newson, made of heavy glass to look like minimalist versions of apothecary vials with metal caps featuring the LV emblem. The price of each bottle is $240.The fragrances are available in 100 and 200 ml Eau de Parfum, with additional travel spray set of four x 7.5 ml and a limited edition set of all seven miniatures x 10 ml.",2016,"Peach, Green Notes, Black Currant","May Rose, Rose, Turkish Rose, Iris","White Musk, Orris Root, Cedar, Violet Leaf, Pepper",N/A,"rose, powdery, iris, green",Jacques Cavallier Belletrud,https://fimgs.net/mdimg/perfume-thumbs/375x500.40495.jpg,for women,N/A,N/A,2026-06-09 10:02:45,Fragrantica
https://www.fragrantica.com/perfume/Louis-Vuitton/Spell-On-You-68960.html,Spell On You Louis Vuittonfor women,Louis Vuitton,3.97,633,"Spell On YoubyLouis Vuittonis a Floral fragrance for women.Spell On Youwas launched in 2021. The nose behind this fragrance is Jacques Cavallier Belletrud. Top notes are Violet, Tuscan Iris and Green Notes; middle notes are Tuscan Iris, Rose and Chinese Jasmine; base notes are Acácia, Peach and White Musk.",2021,"Violet, Tuscan Iris, Green Notes","Tuscan Iris, Rose, Chinese Jasmine","Acácia, Peach, White Musk",N/A,"powdery, violet, floral, iris",Jacques Cavallier Belletrud,https://fimgs.net/mdimg/perfume-thumbs/375x500.68960.jpg,for women,N/A,N/A,2026-06-09 10:02:55,Fragrantica
https://www.fragrantica.com/perfume/Louis-Vuitton/Sun-Song-53945.html,Sun Song Louis Vuittonfor women and men,Louis Vuitton,4.31,518,"Sun SongbyLouis Vuittonis a Floral fragrance for women and men.Sun Songwas launched in 2019. The nose behind this fragrance is Jacques Cavallier Belletrud. Top note is Citron; middle note is Orange Blossom; base note is Musk.Les Colognes Louis Vuitton is the new line of the Les Parfums Louis Vuitton collection that comes out in April 2019. Perfumer Jacques Cavallier Belletrud signed all creations of this house. The three fresh, cologne-like scents (in EDP concentration) are named Sun Song, Cactus Garden and Afternoon Swim.Louis Vuitton collaborated with L.A.-based artist Alex Israel, who designed the outer packaging of the new fragrances. The flacons and boxes come in a bright yellow, green and blue, with drawings of a sun, a cactus and a wave.Sun Song is ""sun in a bottle""; a fragrance made from notes of orange blossom, citron and musk.The fragrances will be available as a 100 and 200 ml Eau de Parfum.",2019,Citron,Orange Blossom,Musk,N/A,"citrus, white floral, sweet, soapy",Jacques Cavallier Belletrud,https://fimgs.net/mdimg/perfume-thumbs/375x500.53945.jpg,for women and men,N/A,N/A,2026-06-09 10:03:07,Fragrantica
https://www.fragrantica.com/perfume/Louis-Vuitton/Sun-Song-2025-107116.html,Sun Song 2025 Louis Vuittonfor women and men,Louis Vuitton,4.23,679,"Sun Song 2025byLouis Vuittonis a Citrus fragrance for women and men. This is a new fragrance.Sun Song 2025was launched in 2025. The nose behind this fragrance is Jacques Cavallier Belletrud. Top notes are Lemon and Petitgrain; middle notes are Neroli and Orange Blossom; base note is Musk.Sun Song by Louis Vuitton is a fragrance inspired by the warmth and brightness of summer. Created by Jacques Cavallier Belletrud, this composition highlights the luminous qualities of orange blossom, neroli, and petitgrain, complemented by a refreshing lemon note and soft musky undertones. The scent is designed to evoke the sensation of sunlight and the carefree spirit of sunny days.",2025,"Lemon, Petitgrain","Neroli, Orange Blossom",Musk,N/A,"citrus, white floral, aromatic, green",Jacques Cavallier Belletrud,https://fimgs.net/mdimg/perfume-thumbs/375x500.107116.jpg,for women and men,N/A,N/A,2026-06-09 10:03:16,Fragrantica
https://www.fragrantica.com/perfume/Louis-Vuitton/Sur-la-Route-49754.html,Sur la Route Louis Vuittonfor men,Louis Vuitton,4.41,967,"Sur la RoutebyLouis Vuittonis a Citrus Aromatic fragrance for men.Sur la Routewas launched in 2018. The nose behind this fragrance is Jacques Cavallier Belletrud. Top notes are Citruses, Calabrian bergamot, Lemon and Pink Pepper; middle notes are Grass, Hedione, Nutmeg and Cardamom; base notes are Cedar, Leather, Peru Balsam, Iso E Super and Patchouli.",2018,"Citruses, Calabrian bergamot, Lemon, Pink Pepper","Grass, Hedione, Nutmeg, Cardamom","Cedar, Leather, Peru Balsam, Iso E Super, Patchouli",N/A,"citrus, fresh, green, woody",Jacques Cavallier Belletrud,https://fimgs.net/mdimg/perfume-thumbs/375x500.49754.jpg,for men,N/A,N/A,2026-06-09 10:03:26,Fragrantica
https://www.fragrantica.com/perfume/Louis-Vuitton/Turbulences-40499.html,Turbulences Louis Vuittonfor women,Louis Vuitton,3.98,322,"TurbulencesbyLouis Vuittonis a Oriental Floral fragrance for women.Turbulenceswas launched in 2016. The nose behind this fragrance is Jacques Cavallier Belletrud. Top note is Jasmine; middle notes are Tuberose, Magnolia and Rose; base notes are Leather, Musk and Sandalwood.The long-awaited perfume from the luxury French fashion brand Louis Vuitton arrives in September 2016. The creation process took over four years, including establishing the creative atelier Les Fontains Parfumées in Grasse with Jacques Cavallier Belletrud in the position of in-house perfumer. The license belongs to the LVMH company. Les Parfums Louis Vuitton transmit journeys of emotions and aromatic adventures.Seven luxurious fragrances are presented in the collection: Rose des Vents, Matière Noire, Mille Feux, Apogée, Turbulences, Dans la Peau and Contre Moi.The fragrances are feminine and floral, with names that aim to highlight the emotional narrative rather than the ingredients.""From the airiness of Rose des Vents to the intoxicating Turbulences, the ecstasy of a first night with Dans la Peau to the mindful immersion in nature with Apogée; from the self-revealing Contre Moi to an exploration of a darker side with Matière Noire and the explosion of the senses with Mille Feux… Les parfums Louis Vuitton describe a journey of the emotions.""Opulent Turbulences contains jasmine from Grasse, tuberose, musk, magnolia, rose and leather.The face of the campaign is French actress Léa Seydoux.The bottles are designed by Marc Newson, made of heavy glass to look like minimalist versions of apothecary vials with metal caps featuring the LV emblem. The price of each bottle is $240.The fragrances are available in 100 and 200 ml Eau de Parfum, with additional travel spray set of four x 7.5 ml and a limited edition set of all seven miniatures x 10 ml.",2016,Jasmine,"Tuberose, Magnolia, Rose","Leather, Musk, Sandalwood",N/A,"white floral, tuberose, animalic, floral",Jacques Cavallier Belletrud,https://fimgs.net/mdimg/perfume-thumbs/375x500.40499.jpg,for women,N/A,N/A,2026-06-09 10:03:37,Fragrantica
https://www.fragrantica.com/perfume/Louis-Vuitton/Eau-de-Voyage-39153.html,Eau de Voyage Louis Vuittonfor women and men,Louis Vuitton,4.25,16,Eau de VoyagebyLouis Vuittonis a fragrance for women and men.Eau de Voyagewas launched in 1946.Eau de Voyage was launched in 1946 and was re-launched in a limited period in 1980.,1946,N/A,N/A,N/A,N/A,N/A,N/A,https://fimgs.net/mdimg/perfume-thumbs/375x500.39153.jpg,for women and men,N/A,N/A,2026-06-09 10:03:48,Fragrantica
https://www.fragrantica.com/perfume/Louis-Vuitton/Heures-d-Absence-1927-39152.html,Heures d’Absence (1927) Louis Vuittonfor women and men,Louis Vuitton,3.33,12,"Heures d’Absence (1927)byLouis Vuittonis a fragrance for women and men.Heures d’Absence (1927)was launched in 1927.Heures d'Absence is the first fragrance from Louis Vuitton launched in 1927 to mark the opening of the London store. The perfume is named after the Georges Vuitton’s villa. It was presented in a rectangular glass bottle decorated with a motif of a plane in only 300 copies. Later on, it was produced in another, thin glass bottle in the shape of an amphora.",1927,N/A,N/A,N/A,N/A,N/A,N/A,https://fimgs.net/mdimg/perfume-thumbs/375x500.39152.jpg,for women and men,N/A,N/A,2026-06-09 10:03:59,Fragrantica
https://www.fragrantica.com/perfume/Louis-Vuitton/Je-Tu-Il-39155.html,Je Tu Il Louis Vuittonfor women and men,Louis Vuitton,3.18,11,Je Tu IlbyLouis Vuittonis a fragrance for women and men.Je Tu Ilwas launched in 1928.Louis Vuitton produced three perfumes under the name of Je Tu Il in 1927. Each of the fragrances came in a separate yet identical bottle. Thhe bottles were made to fit into one another in their cylindrical gold paper box.,1928,N/A,N/A,N/A,N/A,N/A,N/A,https://fimgs.net/mdimg/perfume-thumbs/375x500.39155.jpg,for women and men,N/A,N/A,2026-06-09 10:04:08,Fragrantica
https://www.fragrantica.com/perfume/Louis-Vuitton/Reminiscences-39154.html,Reminiscences Louis Vuittonfor women and men,Louis Vuitton,4.0,5,ReminiscencesbyLouis Vuittonis a fragrance for women and men.Reminiscenceswas launched in 1946.,1946,N/A,N/A,N/A,N/A,N/A,N/A,https://fimgs.net/mdimg/perfume-thumbs/375x500.39154.jpg,for women and men,N/A,N/A,2026-06-09 10:04:17,Fragrantica
https://www.fragrantica.com/perfume/Louis-Vuitton/Sur-la-Route-vintage-39156.html,Sur la Route (vintage) Louis Vuittonfor women and men,Louis Vuitton,4.31,13,Sur la Route (vintage)byLouis Vuittonis a fragrance for women and men.Sur la Route (vintage)was launched in 1927.,1927,N/A,N/A,N/A,N/A,N/A,N/A,https://fimgs.net/mdimg/perfume-thumbs/375x500.39156.jpg,for women and men,N/A,N/A,2026-06-09 10:04:27,Fragrantica
